,Species,Unnamed: 0,Order,Genus,SuperOrder,AssemblyAccession,AssemblyName,Organism,AssemblyStatus,Coverage,ContigN50,ScaffoldN50,Sex,Heterozygosity,AnAge_presence,AnAge_ntraits,Common_name,Female_maturity,Male_maturity,Gestation,Weaning,Litter_size,Litters_per_year,Interbirth_interval,Birth_weight,Weaning_weight,Adult_weight,Growth_rate,Maximum_longevity,Source,Specimen_origin,Sample_size,Data_quality,IMR,MRDT,Metabolic_rate,Body_mass,Temperature,Complex_XY,dnm,Anage_ntraits,Pi,Pi_het
0,Ammotragus_lervia,0,Artiodactyla,Ammotragus,Artiodactyla,GCA_002201775.1,ALER1.0,Ammotragus lervia (aoudad),Scaffold,241.0,52017,1301762,male,,1.0,15.0,Aoudad,335.0,,149.0,122.0,1.2,2.0,229.0,4500.0,,92500.0,0.0053,21.7,671,captivity,large,acceptable,,,,,,False,0,15.0,,0.0004
1,Camelus_ferus,1,Artiodactyla,Camelus,Artiodactyla,GCF_000311805.1,CB1,Camelus ferus (Wild Bactrian camel),Scaffold,30.0,90263,2005940,male,,,,,,,,,,,,,,,,,,,,,,,,,,False,0,0.0,,0.0019
2,Camelus_bactrianus,2,Artiodactyla,Camelus,Artiodactyla,GCF_000767855.1,Ca_bactrianus_MBC_1.0,Camelus bactrianus (Bactrian camel),Scaffold,79.2,139067,8812066,female,,1.0,15.0,Bactrian camel,1278.0,1278.0,395.0,319.0,1.0,0.5,730.0,36000.0,,475000.0,,35.4,671,captivity,large,high,,,,,,False,0,15.0,,0.0019
3,Hippopotamus_amphibius,3,Artiodactyla,Hippopotamus,Artiodactyla,GCA_004027065.1,HipAmp_v1_BIUU,Hippopotamus amphibius (hippopotamus),Scaffold,77.0,74418,86527,,0.0033,1.0,19.0,Hippopotamus,1279.0,1279.0,234.0,341.0,1.0,0.6,563.0,40000.0,237500.0,3750000.0,,61.2,671,captivity,large,acceptable,0.01,7.0,,,308.55,False,0,19.0,,0.0033
4,Eubalaena_japonica,4,Cetacea,Eubalaena,Artiodactyla,GCA_004363455.1,EubJap_v1_BIUU,Eubalaena japonica (North Pacific right whale),Scaffold,40.0,34866,39813,male,0.0019,,,,,,,,,,,,,,,,,,,,,,,,,False,0,0.0,,0.0019
5,Balaenoptera_bonaerensis,5,Cetacea,Balaenoptera,Artiodactyla,GCA_000978805.1,ASM97880v1,Balaenoptera bonaerensis (Antarctic minke whale),Scaffold,60.0,8410,20082,,,,,,,,,,,,,,,,,,,,,,,,,,,False,0,0.0,0.00387,0.00387
6,Balaenoptera_acutorostrata,6,Cetacea,Balaenoptera,Artiodactyla,GCF_000493695.1,BalAcu1.0,Balaenoptera acutorostrata scammoni (minke whale),Scaffold,92.0,22690,12843668,male,,1.0,15.0,Common minke whale,2740.0,2740.0,312.0,183.0,1.0,1.0,470.0,320000.0,,7500000.0,,50.0,542,wild,medium,acceptable,,,,,,False,0,15.0,,0.00387
7,Eschrichtius_robustus,7,Cetacea,Eschrichtius,Artiodactyla,GCA_004363415.1,EscRob_v1_BIUU,Eschrichtius robustus (grey whale),Scaffold,40.5,68559,94414,male,0.0008,1.0,15.0,Gray whale,2922.0,2922.0,395.0,180.0,1.0,0.5,730.0,500000.0,,28500000.0,,77.0,573,wild,medium,acceptable,,,,,,False,0,15.0,0.0011700000000000002,0.0009850000000000002
8,Kogia_breviceps,8,Cetacea,Kogia,Artiodactyla,GCA_004363705.1,KogBre_v1_BIUU,Kogia breviceps (pygmy sperm whale),Scaffold,38.8,26201,28812,,0.0059,1.0,11.0,Pygmy sperm whale,,,335.0,,1.0,1.0,,82000.0,,424600.0,,17.0,573,wild,medium,acceptable,,,,,,False,0,11.0,,0.0059
9,Platanista_gangetica,9,Cetacea,Platanista,Artiodactyla,GCA_004363435.1,PlaMin_v1_BIUU,Platanista minor (Indus River dolphin),Scaffold,28.0,20879,23933,female,0.0005,1.0,10.0,Ganges dolphin,3652.0,3652.0,345.0,365.0,1.0,,,,,70000.0,,,,unknown,small,low,,,,,,False,0,10.0,,0.0005
10,Mesoplodon_bidens,10,Cetacea,Mesoplodon,Artiodactyla,GCA_004027085.1,MesBid_v1_BIUU,Mesoplodon bidens (Sowerby's beaked whale),Scaffold,32.4,28959,33532,,0.0021,,,,,,,,,,,,,,,,,,,,,,,,,False,0,0.0,,0.0021
11,Ziphius_cavirostris,11,Cetacea,Ziphius,Artiodactyla,GCA_004364475.1,ZipCav_v1_BIUU,Ziphius cavirostris (Cuvier's beaked whale),Scaffold,30.6,3606,3608,female,0.0051,1.0,9.0,Cuvier's beaked whale,,,365.0,,1.0,,,,,2701000.0,,62.0,443,wild,medium,acceptable,,,,,,False,0,9.0,,0.0051
12,Inia_geoffrensis,12,Cetacea,Inia,Artiodactyla,GCA_004363515.1,IniGeo_v1_BIUU,Inia geoffrensis (boutu),Scaffold,42.5,24570,26707,male,0.0009,1.0,10.0,Amazon dolphin,,,287.0,,1.0,,,6800.0,,84000.0,,31.3,671,captivity,tiny,acceptable,,,,,,False,0,10.0,,0.0009
13,Camelus_dromedarius,13,Artiodactyla,Camelus,Artiodactyla,GCF_000767585.1,PRJNA234474_Ca_dromedarius_V1.0,Camelus dromedarius (Arabian camel),Scaffold,65.0,69131,4188677,male,,1.0,19.0,Dromedary,1095.0,2191.0,405.0,500.0,1.0,0.7,607.0,37000.0,253484.0,434000.0,,28.4,671,captivity,medium,acceptable,,,224.77900000000002,407000.0,310.65,False,0,19.0,,0.0019
14,Lipotes_vexillifer,14,Cetacea,Lipotes,Artiodactyla,GCF_000442215.1,Lipotes_vexillifer_v1,Lipotes vexillifer (Yangtze River dolphin),Scaffold,115.0,31902,2419148,,,1.0,12.0,Yangzte river dolphin or baiji,2920.0,,319.0,,1.0,0.5,730.0,,,83500.0,,24.0,671,captivity,small,questionable,,,,,,False,0,12.0,,0.001
15,Phocoena_phocoena,15,Cetacea,Phocoena,Artiodactyla,GCA_004363495.1,PhoPho_v1_BIUU,Phocoena phocoena (harbor porpoise),Scaffold,56.4,89111,115969,,0.002,1.0,18.0,Harbor porpoise,1055.0,1461.0,320.0,243.0,1.0,1.0,365.0,7000.0,,52500.0,0.0088,20.4,671,captivity,small,acceptable,,,107.675,28500.0,,False,0,18.0,,0.002
16,Delphinapterus_leucas,16,Cetacea,Delphinapterus,Artiodactyla,GCF_002288925.1,ASM228892v2,Delphinapterus leucas (beluga whale),Scaffold,117.0,159142,19885328,female,,1.0,16.0,Beluga,1644.0,2283.0,416.0,679.0,1.0,0.3,1004.0,66000.0,,1430000.0,,40.0,671,captivity,medium,acceptable,,,,,308.95,False,0,16.0,,0.001
17,Monodon_monoceros,17,Cetacea,Monodon,Artiodactyla,GCA_004026685.1,MonMon_M_v1_BIUU,Monodon monoceros (narwhal),Scaffold,23.2,67024,86766,male,0.001,1.0,15.0,Narwhal,2191.0,2922.0,450.0,608.0,1.0,0.3,914.0,80000.0,,1250000.0,,50.0,561,wild,medium,acceptable,,,,,,False,0,15.0,,0.001
18,Tursiops_truncatus,18,Cetacea,Tursiops,Artiodactyla,GCF_001922835.1,NIST Tur_tru v1,Tursiops truncatus (common bottlenose dolphin),Scaffold,114.5,44302,26555543,female,,1.0,15.0,Bottlenosed dolphin,2831.0,3689.0,365.0,548.0,1.0,0.5,858.0,19350.0,,200000.0,,51.6,671,captivity,medium,acceptable,,,,,,False,0,15.0,,0.001
19,Orcinus_orca,19,Cetacea,Orcinus,Artiodactyla,GCF_000331955.2,Oorc_1.1,Orcinus orca (killer whale),Scaffold,200.0,70300,12735091,female,,1.0,17.0,Killer whale,3780.0,4930.0,435.0,471.0,1.0,0.2,1096.0,180000.0,,3987500.0,,90.0,784,wild,medium,acceptable,,14.0,,,309.15,False,0,17.0,,0.001
20,Tragulus_javanicus,20,Artiodactyla,Tragulus,Artiodactyla,GCA_004024965.1,TraJav_v1_BIUU,Tragulus javanicus (Java mouse-deer),Scaffold,43.0,78495,86670,male,0.0047,1.0,16.0,Lesser mouse-deer,167.0,167.0,144.0,84.0,1.0,,,370.0,,2850.0,,14.0,671,captivity,medium,acceptable,,,4.883,1615.5,311.55,False,0,16.0,,0.0047
21,Moschus_moschiferus,21,Artiodactyla,Moschus,Artiodactyla,GCA_004024705.1,MosMos_v1_BIUU,Moschus moschiferus (Siberian musk deer),Scaffold,74.6,34798,47482,,0.0017,1.0,11.0,Siberian musk deer,473.0,,162.0,106.0,1.5,1.0,,458.75,,10000.0,,,,unknown,small,low,,,,,,False,0,11.0,,0.0017
22,Bubalus_bubalis,22,Artiodactyla,Bubalus,Artiodactyla,GCF_000471725.1,UMD_CASPUR_WB_2.0,Bubalus bubalis (water buffalo),Scaffold,70.0,21938,1412388,female,,1.0,15.0,Water buffalo,502.0,,311.0,228.0,1.375,1.0,365.0,37500.0,,725000.0,,34.9,671,captivity,medium,acceptable,,,,,311.25,False,0,15.0,,0.0012129503490739106
23,Bos_indicus,23,Artiodactyla,Bos,Artiodactyla,GCF_000247795.1,Bos_indicus_1.0,Bos indicus (zebu cattle),Chromosome,52.0,28375,106310653,male,,,,,,,,,,,,,,,,,,,,,,,,,,False,0,0.0,,0.0012129503490739106
24,Bos_mutus,24,Artiodactyla,Bos,Artiodactyla,GCF_000298355.1,BosGru_v2.0,Bos mutus (wild yak),Scaffold,130.0,22822,1407960,female,,,,,,,,,,,,,,,,,,,,,,,,,,False,0,0.0,,0.0012129503490739106
25,Bison_bison,25,Artiodactyla,Bison,Artiodactyla,GCF_000754665.1,Bison_UMD1.0,Bison bison bison (American bison),Scaffold,60.0,19971,7192658,male,,1.0,17.0,American bison,912.0,912.0,274.0,259.0,1.0,1.0,452.0,20000.0,158000.0,630000.0,,33.5,671,captivity,large,high,,,,,311.85,False,0,17.0,,0.0012129503490739106
26,Beatragus_hunteri,26,Artiodactyla,Beatragus,Artiodactyla,GCA_004027495.1,BeaHun_v1_BIUU,Beatragus hunteri (even-toed ungulates),Scaffold,23.1,57444,69303,female,0.0005,1.0,8.0,Hirola,,,283.0,,1.0,,,8350.0,,159000.0,,,,unknown,small,low,,,,,,False,0,8.0,,0.0005
27,Neophocaena_asiaeorientalis,27,Cetacea,Neophocaena,Artiodactyla,GCF_003031525.1,Neophocaena_asiaeorientalis_V1,Neophocaena asiaeorientalis asiaeorientalis (Yangtze finless porpoise),Scaffold,106.0,86003,6341296,male,,,,,,,,,,,,,,,,,,,,,,,,,,False,0,0.0,,0.002
28,Vicugna_pacos,28,Artiodactyla,Vicugna,Artiodactyla,GCA_000767525.1,Vi_pacos_V1.0,Vicugna pacos huacaya (alpaca),Scaffold,72.5,213649,5303709,female,,1.0,14.0,Alpaca,432.0,500.0,345.0,213.0,1.04,,,7210.0,,62000.0,,25.8,671,captivity,large,high,,,,,312.25,False,0,14.0,,0.0019
29,Bos_taurus,29,Artiodactyla,Bos,Artiodactyla,GCF_000003205.7,Btau_5.0.1,Bos taurus (cattle),Chromosome,19.0,276285,6806220,pooled male and female,,1.0,15.0,Domestic cattle,548.0,,277.0,,1.0,1.0,,,,750000.0,0.0031,20.0,434,captivity,large,questionable,,,306.77,347000.0,311.15,False,187,15.0,0.0012129503490739106,0.0012129503490739106
30,Sus_scrofa,30,Artiodactyla,Sus,Artiodactyla,GCF_000003025.5,Sscrofa10.2,Sus scrofa (pig),Chromosome,24.0,69503,576008,female,,1.0,20.0,Wild boar,334.0,768.0,115.0,56.0,7.0,1.5,230.0,960.0,5700.0,130000.0,0.0095,27.0,671,captivity,large,high,,,104.15,135000.0,312.15,False,0,20.0,0.0044082088124397225,0.0044082088124397225
31,Catagonus_wagneri,31,Artiodactyla,Catagonus,Artiodactyla,GCA_004024745.1,CatWag_v1_BIUU,Catagonus wagneri (Chacoan peccary),Scaffold,87.1,66027,91723,,0.0041,1.0,9.0,Chacoan peccary,1096.0,,152.0,,2.4,,,610.0,,34750.0,,,,unknown,small,low,,,,,,False,0,9.0,,0.0041
32,Elaphurus_davidianus,32,Artiodactyla,Elaphurus,Artiodactyla,GCA_002443075.1,Milu1.0,Elaphurus davidianus (Pere David's deer),Scaffold,114.0,59950,2844142,male,,1.0,15.0,Pere David's deer,821.0,1186.0,288.0,167.0,1.0,1.0,360.0,11000.0,,186500.0,,27.5,671,captivity,large,high,,,,,,False,0,15.0,,0.003
33,Rangifer_tarandus,33,Artiodactyla,Rangifer,Artiodactyla,GCA_004026565.1,RanTarSib_v1_BIUU,Rangifer tarandus (reindeer),Scaffold,45.9,77671,89062,,0.003,1.0,20.0,Caribou and reindeer,662.0,680.0,228.0,120.0,1.0,1.0,365.0,6500.0,20000.0,101250.0,0.0047,21.8,956,captivity,large,high,,,119.66,85000.0,310.35,False,0,20.0,,0.003
34,Odocoileus_virginianus,34,Artiodactyla,Odocoileus,Artiodactyla,GCF_002102435.1,Ovir.te_1.0,Odocoileus virginianus texanus (white-tailed deer),Scaffold,150.0,122019,850721,male,,1.0,20.0,White-tailed deer,309.0,417.0,198.0,129.0,2.0,1.0,304.0,3000.0,36000.0,87000.0,0.006999999999999999,23.0,956,captivity,large,high,,,123.447,61862.5,312.15,False,0,20.0,,0.003
35,Antilocapra_americana,35,Artiodactyla,Antilocapra,Artiodactyla,GCA_004027515.1,AntAmePen_v1_BIUU,Antilocapra americana (pronghorn),Scaffold,49.3,59271,70316,,0.0015,1.0,20.0,Pronghorn,547.0,547.0,235.0,91.0,2.0,1.0,365.0,3000.0,8900.0,46100.0,0.0083,15.5,671,captivity,medium,acceptable,,,50.973,34779.3,311.15,False,0,20.0,,0.0015
36,Giraffa_tippelskirchi,36,Artiodactyla,Giraffa,Artiodactyla,GCA_001651235.1,ASM165123v1,Giraffa tippelskirchi (even-toed ungulates),Scaffold,37.0,47894,212164,female,,,,,,,,,,,,,,,,,,,,,,,,,,False,0,0.0,,0.003
37,Okapia_johnstoni,37,Artiodactyla,Okapia,Artiodactyla,GCA_001660835.1,ASM166083v1,Okapia johnstoni (okapi),Scaffold,30.0,39571,111538,male,,1.0,16.0,Okapi,578.0,790.0,458.0,194.0,1.0,0.8,,16000.0,77000.0,225000.0,,33.5,671,captivity,medium,acceptable,,,,,311.22,False,0,16.0,,0.003
38,Saiga_tatarica,38,Artiodactyla,Saiga,Artiodactyla,GCA_004024985.1,SaiTat_v1_BIUU,Saiga tatarica (even-toed ungulates),Scaffold,18.8,6406,6453,male,0.0025,1.0,15.0,Saiga,331.0,669.0,152.0,87.0,1.7,1.0,365.0,3500.0,14500.0,37500.0,0.0065,,,unknown,tiny,low,,,,,,False,0,15.0,,0.0025
39,Pantholops_hodgsonii,39,Artiodactyla,Pantholops,Artiodactyla,GCF_000400835.1,PHO1.0,Pantholops hodgsonii (chiru),Scaffold,67.0,18674,2772860,male,,,,,,,,,,,,,,,,,,,,,,,,,,False,0,0.0,,0.0005
40,Ovis_canadensis,40,Artiodactyla,Ovis,Artiodactyla,GCA_004026945.1,OviCan_v1_BIUU,Ovis canadensis (bighorn sheep),Scaffold,25.2,55973,69397,male,0.0008,1.0,20.0,Bighorn sheep,707.0,749.0,180.0,152.0,1.0,1.0,365.0,4400.0,28000.0,70275.0,0.0031,20.6,671,captivity,medium,acceptable,,,114.67399999999999,67030.8,311.15,False,0,20.0,0.00221771203512314,0.0015088560175615699
41,Ovis_aries,41,Artiodactyla,Ovis,Artiodactyla,GCF_000298735.2,Oar_v4.0,Ovis aries (sheep),Chromosome,166.0,150472,100009711,,,1.0,17.0,Domestic sheep or mouflon,548.0,914.0,146.0,182.0,1.58,1.0,365.0,2370.0,17500.0,80000.0,,22.8,671,captivity,large,high,,,,,311.95,False,0,17.0,,0.00221771203512314
42,Capra_aegagrus,42,Artiodactyla,Capra,Artiodactyla,GCA_000978405.1,CapAeg_1.0,Capra aegagrus (wild goat),Chromosome,83.54,19347,91317560,,,,,,,,,,,,,,,,,,,,,,,,,,,False,0,0.0,,0.0004
43,Capra_hircus,43,Artiodactyla,Capra,Artiodactyla,GCF_001704415.1,ARS1,Capra hircus (goat),Chromosome,50.0,26244591,87277232,male,,1.0,17.0,Domestic goat,406.0,685.0,155.0,160.0,1.5,1.0,451.0,2250.0,,61000.0,0.0041,20.8,671,captivity,large,high,,,,,312.45,False,0,17.0,,0.0004
44,Hemitragus_hylocrius,44,Artiodactyla,Hemitragus,Artiodactyla,GCA_004026825.1,HemHyl_v1_BIUU,Hemitragus hylocrius (Nilgiri tahr),Scaffold,29.4,66552,85340,female,0.0004,1.0,12.0,Nilgiri tahr,669.0,,188.0,152.0,1.3,,246.0,,,75000.0,,17.3,671,captivity,small,acceptable,,,,,,False,0,12.0,,0.0004
45,Orycteropus_afer,45,Tubulidentata,Orycteropus,Atlantogenata,GCA_004365145.1,OryAfe_v1_BIUU,Orycteropus afer (aardvark),Scaffold,35.2,20354,22965,,0.0021,1.0,20.0,Aardvark,730.0,730.0,225.0,103.0,1.0,1.0,365.0,1800.0,6250.0,60000.0,0.0094,29.8,671,captivity,medium,acceptable,,,34.275,48000.0,307.65,False,0,20.0,,0.0021
46,Elephantulus_edwardii,46,Macroscelidea,Elephantulus,Atlantogenata,GCA_004027355.1,EleEdw_v1_BIUU,Elephantulus edwardii (Cape elephant shrew),Scaffold,33.0,16488,17713,female,0.0032,1.0,10.0,Cape elephant shrew,,,,,1.8,,,11.9,,50.0,,,,unknown,small,low,,,0.303,49.9,310.75,False,0,10.0,,0.0032
47,Dasypus_novemcinctus,47,Cingulata,Dasypus,Atlantogenata,GCF_000208655.1,Dasnov3.0,Dasypus novemcinctus (nine-banded armadillo),Scaffold,6.0,26277,1687935,female,,1.0,17.0,Nine-banded armadillo,365.0,365.0,133.0,137.0,4.0,1.0,,66.0,,5500.0,,22.3,671,captivity,medium,acceptable,,,4.655,3413.7,307.65,False,0,17.0,0.0015300000000000003,0.0015300000000000003
48,Chrysochloris_asiatica,48,Afrosoricida,Chrysochloris,Atlantogenata,GCA_004027935.1,ChrAsi_v1_BIUU,Chrysochloris asiatica (Cape golden mole),Scaffold,25.0,6444,6492,female,,,,,,,,,,,,,,,,,,,,,,,,,,False,0,0.0,,0.0021
49,Echinops_telfairi,49,Afrosoricida,Echinops,Atlantogenata,GCF_000313985.1,EchTel2.0,Echinops telfairi (small Madagascar hedgehog),Scaffold,78.0,20428,45764842,female,,1.0,19.0,Lesser hedgehog tenrec,365.0,365.0,55.0,29.0,6.0,1.0,,7.67,50.0,180.0,0.0301,19.0,671,captivity,medium,acceptable,,,0.75,116.4,307.85,False,0,19.0,,0.0047
50,Chaetophractus_vellerosus,50,Cingulata,Chaetophractus,Atlantogenata,GCA_004027955.1,ChaVel_v1_BIUU,Chaetophractus vellerosus (Screaming hairy armadillo),Scaffold,22.9,1606,1606,,,1.0,10.0,Screaming hairy armadillo,,,,,,,,,,840.0,,16.2,671,captivity,small,acceptable,,,1.7069999999999999,1110.0,307.55,False,0,10.0,,0.0042
51,Microgale_talazaci,51,Afrosoricida,Microgale,Atlantogenata,GCA_004026705.1,MicTal_v1_BIUU,Microgale talazaci (Talazac's shrew tenrec),Scaffold,27.8,56946,65143,,0.0047,1.0,17.0,Talazac's shrew tenrec,639.0,639.0,61.0,29.0,2.0,,,3.6,,50.0,0.0298,5.8,434,captivity,small,acceptable,,,0.243,44.0,303.95,False,0,17.0,,0.0047
52,Heterohyrax_brucei,52,Hyracoidea,Heterohyrax,Atlantogenata,GCA_004026845.1,HetBruBak_v1_BIUU,Heterohyrax brucei (yellow-spotted hyrax),Scaffold,24.4,62841,67904,,0.0047,1.0,16.0,Bush hyrax,494.0,494.0,229.0,91.0,1.9,1.0,365.0,225.0,,2456.7,,,,unknown,small,low,,,3.872,1604.4,309.85,False,0,16.0,,0.0047
53,Procavia_capensis,53,Hyracoidea,Procavia,Atlantogenata,GCA_004026925.1,ProCapCap_v1_BIUU,Procavia capensis (Cape rock hyrax),Scaffold,23.3,37294,39432,,0.0058,1.0,20.0,Rock hyrax,500.0,500.0,215.0,116.0,3.0,1.0,365.0,205.0,500.0,3600.0,0.0112,14.8,671,captivity,medium,acceptable,,,4.954,2458.0,310.15,False,0,20.0,,0.0058
54,Loxodonta_africana,54,Proboscidea,Loxodonta,Atlantogenata,GCF_000001905.1,Loxafr3.0,Loxodonta africana (African savanna elephant),Scaffold,0.0,69023,46401353,female,,1.0,20.0,African bush elephant,4018.0,3650.0,670.0,1071.0,1.0,0.2,1707.0,105000.0,600000.0,4800000.0,0.0003,65.0,671,captivity,large,acceptable,0.002,8.0,,,309.35,False,0,20.0,,0.0021
55,Choloepus_hoffmanni,55,Pilosa,Choloepus,Atlantogenata,GCA_000164785.2,C_hoffmanni-2.0.1,Choloepus hoffmanni (Hoffmann's two-fingered sloth),Scaffold,65.0,64490,366442,female,,1.0,18.0,Hoffmann's two-toed sloth,730.0,1095.0,350.0,21.0,1.0,0.7,456.0,402.0,,6250.0,,41.0,"John Gramieri, pers. comm.",captivity,medium,acceptable,,,3.891,4005.2,307.55,True,0,18.0,,0.0037
56,Choloepus_didactylus,56,Pilosa,Choloepus,Atlantogenata,GCA_004027855.1,ChoDid_v1_BIUU,Choloepus didactylus (southern two-toed sloth),Scaffold,19.6,7167,7289,,0.0037,1.0,16.0,Southern two-toed sloth,1279.0,1644.0,279.0,152.0,1.0,1.0,616.0,356.0,,6250.0,0.002,36.8,671,captivity,medium,acceptable,,,,,,True,0,16.0,,0.0037
57,Myrmecophaga_tridactyla,57,Pilosa,Myrmecophaga,Atlantogenata,GCA_004026745.1,MyrTri_v1_BIUU,Myrmecophaga tridactyla (giant anteater),Scaffold,28.9,36434,41255,,0.0035,1.0,18.0,Giant anteater,1186.0,1186.0,184.0,56.0,1.0,1.2,,1600.0,,28500.0,0.0088,31.0,671,captivity,medium,acceptable,,,14.543,30600.0,305.65,False,0,18.0,,0.0035
58,Tamandua_tetradactyla,58,Pilosa,Tamandua,Atlantogenata,GCA_004025105.1,TamTet_v1_BIUU,Tamandua tetradactyla (southern tamandua),Scaffold,30.0,18654,19789,,0.0056,1.0,14.0,Southern tamandua,365.0,,160.0,,1.0,1.4,,,,4500.0,,19.0,671,captivity,medium,acceptable,,,5.015,3500.0,306.65,False,0,14.0,,0.0056
59,Tolypeutes_matacus,59,Cingulata,Tolypeutes,Atlantogenata,GCA_004025125.1,TolMat_v1_BIUU,Tolypeutes matacus (placentals),Scaffold,22.1,9441,10217,,0.0042,1.0,18.0,Southern three-banded armadillo,320.0,320.0,120.0,55.0,1.0,1.0,,80.0,,1500.0,0.0362,36.8,"John Gramieri, pers. comm.",captivity,small,acceptable,,,1.172,1160.0,306.15,False,0,18.0,,0.0042
60,Trichechus_manatus,60,Sirenia,Trichechus,Atlantogenata,GCF_000243295.1,TriManLat1.0,Trichechus manatus latirostris (Florida manatee),Scaffold,150.0,37750,14442683,female,,1.0,18.0,West Indian manatee,1278.0,913.0,335.0,456.0,1.0,0.4,1187.0,32000.0,,322000.0,0.0024,69.0,1302,captivity,medium,acceptable,,,70.0056,450000.0,,False,0,18.0,,0.0058
61,Eidolon_helvum,61,Chiroptera,Eidolon,Chiroptera,GCA_000465285.1,ASM46528v1,Eidolon helvum (straw-colored fruit bat),Scaffold,18.0,12668,27684,,,1.0,15.0,Straw-colored fruit bat,,,275.0,65.0,1.0,1.0,365.0,50.0,135.0,306.25,,21.8,671,captivity,large,acceptable,,,,,307.65,False,0,15.0,,0.0025
62,Megaderma_lyra,62,Chiroptera,Megaderma,Chiroptera,GCA_004026885.1,MegLyr_v1_BIUU,Megaderma lyra (Indian false vampire),Scaffold,49.8,71674,96489,,0.0024,1.0,13.0,Greater false vampire bat,540.0,450.0,150.0,,1.0,1.0,,7.5,,38.6,,14.0,424,wild,medium,acceptable,,,,,,False,0,13.0,,0.0024
63,Craseonycteris_thonglongyai,63,Chiroptera,Craseonycteris,Chiroptera,GCA_004027555.1,CraTho_v1_BIUU,Craseonycteris thonglongyai (hog-nosed bat),Scaffold,52.2,23218,25762,,0.0039,,,,,,,,,,,,,,,,,,,,,,,,,False,0,0.0,,0.0039
64,Hipposideros_armiger,64,Chiroptera,Hipposideros,Chiroptera,GCF_001890085.1,ASM189008v1,Hipposideros armiger (great roundleaf bat),Scaffold,218.6,39863,2328177,female,,,,,,,,,,,,,,,,,,,,,,,,,,False,0,0.0,,0.0046
65,Rhinolophus_sinicus,65,Chiroptera,Rhinolophus,Chiroptera,GCF_001888835.1,ASM188883v1,Rhinolophus sinicus (Chinese rufous horseshoe bat),Scaffold,146.44,37803,3754400,male,,,,,,,,,,,,,,,,,,,,,,,,,,False,0,0.0,,0.0046
66,Hipposideros_galeritus,66,Chiroptera,Hipposideros,Chiroptera,GCA_004027415.1,HipGal_v1_BIUU,Hipposideros galeritus (Cantor's roundleaf bat),Scaffold,46.0,33704,37985,,0.0046,,,,,,,,,,,,,,,,,,,,,,,,,False,0,0.0,,0.0046
67,Macroglossus_sobrinus,67,Chiroptera,Macroglossus,Chiroptera,GCA_004027375.1,MacSob_v1_BIUU,Macroglossus sobrinus (bats),Scaffold,52.7,338389,453401,,0.0026,,,,,,,,,,,,,,,,,,,,,,,,,False,0,0.0,,0.0026
68,Pteropus_vampyrus,68,Chiroptera,Pteropus,Chiroptera,GCF_000151845.1,Pvam_2.0,Pteropus vampyrus (large flying fox),Scaffold,188.0,21866,5954017,female,,1.0,12.0,Large flying fox,,,,,1.0,1.0,,,,872.0,,20.9,671,captivity,medium,acceptable,,,4.4860000000000015,1024.3,310.05,False,0,12.0,,0.0025
69,Artibeus_jamaicensis,69,Chiroptera,Artibeus,Chiroptera,GCA_004027435.1,ArtJam_v1_BIUU,Artibeus jamaicensis (Jamaican fruit-eating bat),Scaffold,30.2,32365,35347,,0.0046,1.0,16.0,Jamaican fruit-eating bat,289.0,289.0,76.0,,1.0,2.0,,5.9,,42.2,,19.2,671,captivity,large,acceptable,,,0.359,46.1,309.55,True,0,16.0,,0.0046
70,Eptesicus_fuscus,70,Chiroptera,Eptesicus,Chiroptera,GCF_000308155.1,EptFus1.0,Eptesicus fuscus (big brown bat),Scaffold,84.0,21392,13454942,female,,1.0,19.0,Big brown bat,547.0,730.0,35.0,,2.0,1.0,365.0,3.9,17.2,23.0,0.062,19.0,424,wild,medium,acceptable,,,0.113,13.3,309.15,False,0,19.0,,0.0036
71,Lasiurus_borealis,71,Chiroptera,Lasiurus,Chiroptera,GCA_004026805.1,LasBor_v1_BIUU,Lasiurus borealis (red bat),Scaffold,42.1,35165,38543,,0.0063,,,,,,,,,,,,,,,,,,,,,,,,,False,0,0.0,,0.0063
72,Murina_feae,72,Chiroptera,Murina,Chiroptera,GCA_004026665.1,MurFea_v1_BIUU,Murina aurata feae (Little tube-nosed bat),Scaffold,33.3,23400,26051,,0.0033,,,,,,,,,,,,,,,,,,,,,,,,,False,0,0.0,,0.0033
73,Myotis_myotis,73,Chiroptera,Myotis,Chiroptera,GCA_004026985.1,MyoMyo_v1_BIUU,Myotis myotis (bats),Scaffold,47.8,19322,21824,,0.0033,1.0,17.0,Mouse-eared bat,502.0,502.0,65.0,42.0,1.0,1.0,365.0,5.9,,28.55,0.109,37.1,970,wild,large,acceptable,,,,,308.15,False,0,17.0,,0.0033
74,Pipistrellus_pipistrellus,74,Chiroptera,Pipistrellus,Chiroptera,GCA_004026625.1,PipPip_v1_BIUU,Pipistrellus pipistrellus (common pipistrelle),Scaffold,52.8,26707,33992,male,0.0036,1.0,18.0,Common pipistrelle,456.0,456.0,42.0,42.0,1.2,1.0,365.0,1.125,,5.0,0.0668,16.6,970,wild,medium,acceptable,0.36,4.0,,,,False,0,18.0,,0.0036
75,Myotis_brandtii,75,Chiroptera,Myotis,Chiroptera,GCF_000412655.1,ASM41265v1,Myotis brandtii (Brandt's bat),Scaffold,120.0,23289,3225832,male,,1.0,7.0,Brandt's bat,,,,,,,,,,7.0,,41.0,424,wild,medium,acceptable,,,,,,False,0,7.0,,0.0033
76,Myotis_lucifugus,76,Chiroptera,Myotis,Chiroptera,GCF_000147115.1,Myoluc2.0,Myotis lucifugus (little brown bat),Scaffold,7.0,64330,4293315,female,,1.0,19.0,Little brown bat,210.0,210.0,55.0,25.0,1.0,1.0,365.0,1.96,,10.0,0.11599999999999999,34.0,424,wild,medium,acceptable,,,0.051,5.8,305.15,False,0,19.0,,0.0033
77,Anoura_caudifer,77,Chiroptera,Anoura,Chiroptera,GCA_004027475.1,AnoCau_v1_BIUU,Anoura caudifer (tailed tailless bat),Scaffold,52.5,143417,185021,,0.0022,,,,,,,,,,,,,,,,,,,,,,,,,False,0,0.0,,0.0022
78,Miniopterus_natalensis,78,Chiroptera,Miniopterus,Chiroptera,GCF_001595765.1,Mnat.v1,Miniopterus natalensis (bats),Scaffold,77.0,29777,4315193,male,,,,,,,,,,,,,,,,,,,,,,,,,,False,0,0.0,,0.0009
79,Myotis_davidii,79,Chiroptera,Myotis,Chiroptera,GCF_000327345.1,ASM32734v1,Myotis davidii (bats),Scaffold,110.0,15182,3454484,male,,,,,,,,,,,,,,,,,,,,,,,,,,False,0,0.0,,0.0033
80,Miniopterus_schreibersii,80,Chiroptera,Miniopterus,Chiroptera,GCA_004026525.1,MinSch_v1_BIUU,Miniopterus schreibersii (Schreibers' long-fingered bat),Scaffold,24.8,82539,108707,,0.0009,1.0,20.0,Schreibers's long-fingered bat,577.0,730.0,100.0,66.0,1.0,1.0,365.0,2.8,12.5,13.0,0.0462,22.0,424,wild,medium,acceptable,,,0.145,10.9,310.85,False,0,20.0,,0.0009
81,Tonatia_saurophila,81,Chiroptera,Tonatia,Chiroptera,GCA_004024845.1,TonSau_v1_BIUU,Tonatia saurophila (stripe-headed round-eared bat),Scaffold,46.1,141649,165561,,0.003,,,,,,,,,,,,,,,,,,,,,,,,,False,0,0.0,,0.003
82,Tadarida_brasiliensis,82,Chiroptera,Tadarida,Chiroptera,GCA_004025005.1,TadBra_v1_BIUU,Tadarida brasiliensis (Brazilian free-tailed bat),Scaffold,30.3,22617,24311,,0.0067,1.0,18.0,Brazilian free-tailed bat,273.0,547.0,78.0,,1.0,1.0,365.0,2.8,,12.5,0.11199999999999999,12.0,671,captivity,tiny,acceptable,,,0.11699999999999999,13.3,309.15,False,0,18.0,,0.0067
83,Carollia_perspicillata,83,Chiroptera,Carollia,Chiroptera,GCA_004027735.1,CarPer_v1_BIUU,Carollia perspicillata (Seba's short-tailed bat),Scaffold,27.7,10341,10739,,0.0076,1.0,19.0,Seba's short-tailed bat,258.0,258.0,95.0,,1.0,2.0,159.0,5.0,12.5,15.0,0.0347,17.0,671,captivity,large,high,,,0.24,14.9,309.55,True,0,19.0,,0.0076
84,Mormoops_blainvillei,84,Chiroptera,Mormoops,Chiroptera,GCA_004026545.1,MorMeg_v1_BIUU,Mormoops blainvillei (Antillean ghost-faced bat),Scaffold,32.8,142682,156292,,0.0041,,,,,,,,,,,,,,,,,,,,,,,,,False,0,0.0,,0.0041
85,Pteronotus_parnellii,85,Chiroptera,Pteronotus,Chiroptera,GCA_000465405.1,ASM46540v1,Pteronotus parnellii (Parnell's mustached bat),Scaffold,17.0,9502,22675,,,,,,,,,,,,,,,,,,,,,,,,,,,False,0,0.0,,0.0041
86,Pteropus_alecto,86,Chiroptera,Pteropus,Chiroptera,GCF_000325575.1,ASM32557v1,Pteropus alecto (black flying fox),Scaffold,110.0,31842,15954802,male,,1.0,9.0,Black flying fox,,,,,1.2,1.0,,,,672.1,,19.7,671,captivity,small,acceptable,,,,,,False,0,9.0,,0.0025
87,Noctilio_leporinus,87,Chiroptera,Noctilio,Chiroptera,GCA_004026585.1,NocLep_v1_BIUU,Noctilio leporinus (greater bulldog bat),Scaffold,42.9,135651,191494,,0.0004,1.0,12.0,Greater bulldog bat,,,,,1.0,1.0,,,,50.0,,11.8,671,captivity,medium,acceptable,,,0.4,61.0,306.95,False,0,12.0,,0.0004
88,Micronycteris_hirsuta,88,Chiroptera,Micronycteris,Chiroptera,GCA_004026765.1,MicHir_v1_BIUU,Micronycteris hirsuta (bats),Scaffold,39.4,62961,68868,,0.0046,,,,,,,,,,,,,,,,,,,,,,,,,False,0,0.0,,0.0046
89,Desmodus_rotundus,89,Chiroptera,Desmodus,Chiroptera,GCF_002940915.1,ASM294091v2,Desmodus rotundus (common vampire bat),Scaffold,94.0,80250,26869735,male,,1.0,19.0,Vampire bat,285.0,285.0,189.0,274.0,1.0,2.0,289.0,8.0,,33.2,0.0294,29.2,671,captivity,medium,acceptable,,,0.19399999999999998,29.4,308.15,False,0,19.0,,0.0022
90,Rousettus_aegyptiacus,90,Chiroptera,Rousettus,Chiroptera,GCA_004024865.1,RouAeg_v1_BIUU,Rousettus aegyptiacus (Egyptian rousette),Scaffold,35.7,100260,125332,female,0.0025,1.0,19.0,Egyptian rousette,365.0,365.0,116.0,122.0,1.0,2.0,,21.06,73.8,125.0,0.0149,22.9,424,wild,large,acceptable,,,0.684,146.0,307.95,False,0,19.0,,0.0025
91,Eulemur_flavifrons,91,Primates,Eulemur,Euarchonta,GCA_001262665.1,Eflavifronsk33QCA,Eulemur flavifrons (Sclater's lemur),Scaffold,52.0,27331,413352,female,,,,,,,,,,,,,,,,,,,,,,,,,,False,0,0.0,,0.0062
92,Ateles_geoffroyi,92,Primates,Ateles,Euarchonta,GCA_004024785.1,AteGeo_v1_BIUU,Ateles geoffroyi (black-handed spider monkey),Scaffold,60.0,59033,73111,,0.0038,1.0,16.0,Central American spider monkey,1825.0,1826.0,232.0,821.0,1.0,0.3,970.0,426.0,2000.0,7267.5,,47.1,671,captivity,large,acceptable,,,,,,False,0,16.0,,0.0038
93,Indri_indri,93,Primates,Indri,Euarchonta,GCA_004363605.1,IndInd_v1_BIUU,Indri indri (primates),Scaffold,34.4,26447,28620,female,0.0051,,,,,,,,,,,,,,,,,,,,,,,,,False,0,0.0,,0.0051
94,Alouatta_palliata,94,Primates,Alouatta,Euarchonta,GCA_004027835.1,AloPal_v1_BIUU,Alouatta palliata (mantled howler monkey),Scaffold,43.1,51304,72427,,0.001,1.0,19.0,Mantled howler monkey,1095.0,1278.0,186.0,433.0,1.0,0.6,384.0,409.0,1100.0,7000.0,,24.0,671,captivity,small,acceptable,,,11.464,4670.0,309.15,True,0,19.0,,0.001
95,Cebus_capucinus,95,Primates,Cebus,Euarchonta,GCF_001604975.1,Cebus_imitator-1.0,Cebus imitator (Panamanian white-faced capuchin),Scaffold,81.0,41196,5274112,male,,1.0,16.0,White-faced capuchin,1505.0,2921.0,162.0,521.0,1.0,0.5,803.0,230.0,1350.0,2655.0,,54.0,671,captivity,medium,acceptable,,,,,,False,0,16.0,,0.002
96,Cebus_albifrons,96,Primates,Cebus,Euarchonta,GCA_004027755.1,CebAlb_v1_BIUU,Cebus albifrons (white-fronted capuchin),Scaffold,28.8,25652,31156,,0.002,1.0,15.0,White-fronted capuchin,1310.0,1310.0,158.0,274.0,1.0,0.7,547.0,233.0,,2467.5,,40.4,671,captivity,medium,acceptable,,,,,,False,0,15.0,,0.002
97,Saimiri_boliviensis,97,Primates,Saimiri,Euarchonta,GCF_000235385.1,SaiBol1.0,Saimiri boliviensis boliviensis (Bolivian squirrel monkey),Scaffold,80.0,38823,18744880,female,,1.0,9.0,Bolivian squirrel monkey,,,158.0,,1.0,,,,,615.0,,30.3,671,captivity,large,acceptable,,,,,,False,0,9.0,,0.002
98,Cheirogaleus_medius,98,Primates,Cheirogaleus,Euarchonta,GCA_004024725.1,CheMed_v1_BIUU,Cheirogaleus medius (Lesser dwarf lemur),Scaffold,64.9,90923,118572,female,0.0024,1.0,16.0,Fat-tailed dwarf lemur,365.0,,61.0,,22.2,1.0,365.0,19.0,,380.0,,29.0,1301,captivity,medium,acceptable,,,1.088,300.0,311.15,False,0,16.0,,0.0024
99,Aotus_nancymaae,99,Primates,Aotus,Euarchonta,GCF_000952055.2,Anan_2.0,Aotus nancymaae (Ma's night monkey),Scaffold,132.4,126456,8268663,female,,,,,,,,,,,,,,,,,,,,,,,,,,True,105,0.0,,0.002
100,Microcebus_murinus,100,Primates,Microcebus,Euarchonta,GCF_000165445.2,Mmur_3.0,Microcebus murinus (gray mouse lemur),Chromosome,221.6,210702,108171978,pooled male and female,,1.0,16.0,Gray mouse lemur,243.0,243.0,61.0,37.0,2.0,1.0,73.0,6.0,,64.8,0.0362,18.2,671,captivity,medium,acceptable,,,,,,False,94,16.0,,0.0037
101,Mirza_coquereli,101,Primates,Mirza,Euarchonta,GCA_004024645.1,MizCoq_v1_BIUU,Mirza coquereli (Coquerel's mouse lemur),Scaffold,60.7,60596,79947,female,0.0037,1.0,15.0,Giant mouse lemur,312.0,275.0,89.0,136.0,1.8,1.0,365.0,14.8,,311.2,,17.4,671,captivity,small,acceptable,,,,,,False,0,15.0,,0.0037
102,Lemur_catta,102,Primates,Lemur,Euarchonta,GCA_004024665.1,LemCat_v1_BIUU,Lemur catta (Ring-tailed lemur),Scaffold,56.0,158439,215715,male,0.0034,1.0,15.0,Ring-tailed lemur,595.0,912.0,135.0,152.0,1.1,0.9,365.0,70.6,,2555.0,,37.3,671,captivity,large,high,,,,,,False,0,15.0,,0.0034
103,Saguinus_imperator,103,Primates,Saguinus,Euarchonta,GCA_004024885.1,SagImp_v1_BIUU,Saguinus imperator (tamarin),Scaffold,61.4,53787,65636,male,0.0031,1.0,12.0,Emperor tamarin,546.0,730.0,145.0,,2.0,,,47.0,,518.5,,23.7,671,captivity,large,high,,,,,,False,0,12.0,,0.0031
104,Eulemur_fulvus,104,Primates,Eulemur,Euarchonta,GCA_004027275.1,EulFul_v1_BIUU,Eulemur fulvus (brown lemur),Scaffold,63.5,21310,22561,female,0.0062,1.0,17.0,Brown lemur,509.0,633.0,118.0,,1.1,2.0,548.0,73.0,,2485.0,,35.5,671,captivity,medium,acceptable,,,4.239,2374.1,309.65,False,0,17.0,,0.0062
105,Callicebus_donacophilus,105,Primates,Callicebus,Euarchonta,GCA_004027715.1,CalDon_v1_BIUU,Plecturocebus donacophilus (Bolivian titi),Scaffold,23.7,41149,46445,female,0.0017,,,,,,,,,,,,,,,,,,,,,,,,,False,0,0.0,,0.0017
106,Pithecia_pithecia,106,Primates,Pithecia,Euarchonta,GCA_004026645.1,PitPit_v1_BIUU,Pithecia pithecia (white-faced saki),Scaffold,47.3,63292,83104,,0.0018,1.0,14.0,Guianan saki,775.0,1460.0,158.0,122.0,1.0,1.0,319.0,,,1480.0,,36.0,671,captivity,large,high,,,,,,False,0,14.0,,0.0018
107,Callithrix_jacchus,107,Primates,Callithrix,Euarchonta,GCA_002754865.1,ASM275486v1,Callithrix jacchus (white-tufted-ear marmoset),Scaffold,60.0,155284,129239660,female,,1.0,20.0,White-tufted-ear marmoset,477.0,382.0,144.0,62.0,2.0,2.0,169.0,26.5,86.67,255.2,0.0172,22.8,671,captivity,large,high,,,0.848,190.0,309.15,False,9,20.0,0.0012300000000000004,0.0012300000000000004
108,Propithecus_coquereli,108,Primates,Propithecus,Euarchonta,GCF_000956105.1,Pcoq_1.0,Propithecus coquereli (Coquerel's sifaka),Scaffold,104.7,28129,5604909,female,,,,,,,,,,,,,,,,,,,,,,,,,,False,0,0.0,0.006809999999999992,0.006809999999999992
109,Daubentonia_madagascariensis,109,Primates,Daubentonia,Euarchonta,GCA_004027145.1,DauMad_v1_BIUU,Daubentonia madagascariensis (aye-aye),Scaffold,76.4,298834,379919,female,0.0007,1.0,13.0,Aye-aye,882.0,,165.0,,1.0,1.0,760.0,109.0,,2277.5,,32.3,1301,captivity,small,acceptable,,,,,,False,0,13.0,0.0007300000000000007,0.0007150000000000004
110,Cercocebus_atys,110,Primates,Cercocebus,Euarchonta,GCF_000955945.1,Caty_1.0,Cercocebus atys (sooty mangabey),Scaffold,192.0,112942,12849131,female,,,,,,,,,,,,,,,,,,,,,,,,,,False,0,0.0,,0.0018918139038842981
111,Tupaia_chinensis,111,Scandentia,Tupaia,Euarchonta,GCF_000334495.1,TupChi_1.0,Tupaia chinensis (Chinese tree shrew),Scaffold,80.0,25938,3670124,male,,,,,,,,,,,,,,,,,,,,,,,,,,False,0,0.0,,0.006
112,Tupaia_tana,112,Scandentia,Tupaia,Euarchonta,GCA_004365275.1,TupTan_v1_BIUU,Tupaia tana (large tree shrew),Scaffold,25.0,2971,2973,,0.006,1.0,9.0,Large tree shrew,,,,31.0,2.2,,,,,197.8,,11.6,671,captivity,tiny,acceptable,,,,,,False,0,9.0,,0.006
113,Galeopterus_variegatus,113,Dermoptera,Galeopterus,Euarchonta,GCA_004027255.1,GalVar_v1_BIUU,Galeopterus variegatus (Sunda flying lemur),Scaffold,35.5,33956,37578,,0.0045,,,,,,,,,,,,,,,,,,,,,,,,,False,0,0.0,,0.0045
114,Pongo_abelii,114,Primates,Pongo,Euarchonta,GCF_002880775.1,Susie_PABv2,Pongo abelii (Sumatran orangutan),Chromosome,101.2,11074009,98475126,female,,,,,,,,,,,,,,,,,,,,,,,,,,False,41,0.0,,0.0010828955215590225
115,Homo_sapiens,115,Primates,Homo,Euarchonta,GCF_000001405.38,GRCh38.p12,Homo sapiens (human),Chromosome,0.0,57879411,67794873,,,1.0,22.0,Human,4745.0,5110.0,280.0,639.0,1.0,0.3,639.0,3312.5,11750.0,62035.0,0.0005,122.5,29,captivity,huge,high,0.0002,8.0,82.78,70000.0,310.15,False,14262,22.0,0.0010828955215590225,0.0010828955215590225
116,Pan_paniscus,116,Primates,Pan,Euarchonta,GCF_000258655.2,panpan1.1,Pan paniscus (pygmy chimpanzee),Chromosome,26.0,66676,8197324,female,,1.0,15.0,Pygmy chimpanzee or bonobo,3194.0,,232.0,635.0,1.0,0.2,1825.0,1331.0,8500.0,39925.0,,55.0,671,captivity,tiny,acceptable,,,,,,False,0,15.0,0.001,0.001
117,Pan_troglodytes,117,Primates,Pan,Euarchonta,GCF_002880755.1,Clint_PTRv2,Pan troglodytes (chimpanzee),Chromosome,124.0,12268567,53103722,male,,1.0,20.0,Chimpanzee,3376.0,2920.0,229.0,1111.0,1.0,0.2,840.0,1821.0,8500.0,44983.5,0.0007,59.4,671,captivity,large,acceptable,0.04,8.0,,,308.85,False,15,20.0,0.0017633333333333342,0.0017633333333333342
118,Gorilla_gorilla,118,Primates,Gorilla,Euarchonta,GCA_900006655.3,Susie3,Gorilla gorilla gorilla (western lowland gorilla),Chromosome,75.0,9406846,20634945,female,,1.0,18.0,Gorilla,2829.0,4015.0,256.0,834.0,1.0,0.3,1397.0,2061.4,12595.0,139842.0,0.0008,60.1,1151,captivity,large,acceptable,,,,,308.65,False,48,18.0,,0.0010828955215590225
119,Nomascus_leucogenys,119,Primates,Nomascus,Euarchonta,GCF_000146795.2,Nleu_3.0,Nomascus leucogenys (northern white-cheeked gibbon),Chromosome,5.6,35148,52956880,female,,1.0,8.0,White-cheeked gibbon,,,,,,,,497.0,,6000.0,,44.1,671,captivity,small,acceptable,,,,,,False,0,8.0,,0.0010828955215590225
120,Colobus_angolensis,120,Primates,Colobus,Euarchonta,GCF_000951035.1,Cang.pa_1.0,Colobus angolensis palliatus (Angolan colobus),Scaffold,86.8,38363,7840981,female,,1.0,8.0,Angolan colobus,,,,,1.0,,,,,8625.0,,35.3,671,captivity,medium,acceptable,,,,,,False,0,8.0,,0.0014
121,Piliocolobus_tephrosceles,121,Primates,Piliocolobus,Euarchonta,GCF_002776525.1,ASM277652v1,Piliocolobus tephrosceles (Ugandan red Colobus),Scaffold,38.61,70213,10172280,male,,,,,,,,,,,,,,,,,,,,,,,,,,False,0,0.0,,0.0014
122,Semnopithecus_entellus,122,Primates,Semnopithecus,Euarchonta,GCA_004025065.1,SemEnt_v1_BIUU,Semnopithecus entellus (Hanuman langur),Scaffold,29.3,25064,29955,,0.0023,1.0,16.0,Hanuman langur,1162.0,1886.0,192.0,342.0,1.0,0.7,514.0,500.0,2100.0,13516.5,,29.0,671,captivity,medium,acceptable,,,,,,False,0,16.0,,0.0023
123,Nasalis_larvatus,123,Primates,Nasalis,Euarchonta,GCA_004027105.1,NasLar_v1_BIUU,Nasalis larvatus (proboscis monkey),Scaffold,29.5,34532,44943,female,0.0014,1.0,16.0,Proboscis monkey,1460.0,,166.0,213.0,1.25,0.7,540.0,490.0,2000.0,14617.5,0.0018,25.1,671,captivity,small,acceptable,,,,,,False,0,16.0,,0.0014
124,Mandrillus_leucophaeus,124,Primates,Mandrillus,Euarchonta,GCF_000951045.1,Mleu.le_1.0,Mandrillus leucophaeus (drill),Scaffold,117.2,31346,3186748,female,,1.0,14.0,Drill,1277.0,,179.0,487.0,1.0,0.8,448.0,772.0,,18250.0,,39.0,671,captivity,medium,acceptable,,,,,,False,0,14.0,,0.0018918139038842981
125,Rhinopithecus_bieti,125,Primates,Rhinopithecus,Euarchonta,GCF_001698545.1,ASM169854v1,Rhinopithecus bieti (black snub-nosed monkey),Scaffold,76.6,36419,2225337,male,,1.0,7.0,Black snub-nosed monkey,,,170.0,,,,,427.0,,9960.0,,,,unknown,small,low,,,,,,False,0,7.0,,0.0019
126,Pygathrix_nemaeus,126,Primates,Pygathrix,Euarchonta,GCA_004024825.1,PygNem_v1_BIUU,Pygathrix nemaeus (Red shanked douc langur),Scaffold,65.5,51434,68569,female,0.0019,1.0,14.0,Douc langur,1460.0,,171.0,330.0,1.0,1.0,365.0,393.5,,9720.0,,26.0,671,captivity,medium,acceptable,,,,,,False,0,14.0,,0.0019
127,Cercopithecus_neglectus,127,Primates,Cercopithecus,Euarchonta,GCA_004027615.1,CertNeg_v1_BIUU,Cercopithecus neglectus (De Brazza's monkey),Scaffold,27.5,9789,10270,,0.0023,1.0,16.0,De Brazza's monkey,1611.0,2555.0,177.0,395.0,1.0,1.0,365.0,260.0,1640.0,5945.0,,30.8,671,captivity,medium,acceptable,,,,,,False,0,16.0,,0.0023
128,Chlorocebus_sabaeus,128,Primates,Chlorocebus,Euarchonta,GCF_000409795.2,Chlorocebus_sabeus 1.1,Chlorocebus sabaeus (green monkey),Chromosome,95.0,90449,81825804,male,,,,,,,,,,,,,,,,,,,,,,,,,,False,0,0.0,,0.0023
129,Otolemur_garnettii,129,Primates,Otolemur,Euarchonta,GCF_000181295.1,OtoGar3,Otolemur garnettii (small-eared galago),Scaffold,137.0,27100,13852661,female,,1.0,18.0,Small-eared galago,600.0,600.0,132.0,140.0,1.0,1.4,365.0,46.0,,1300.0,,20.0,1301,captivity,medium,acceptable,,,3.927,1314.0,309.15,False,0,18.0,,0.002140000000000001
130,Erythrocebus_patas,130,Primates,Erythrocebus,Euarchonta,GCA_004027335.1,EryPat_v1_BIUU,Erythrocebus patas (red guenon),Scaffold,43.7,28523,34535,,0.0023,1.0,19.0,Patas monkey,956.0,1400.0,167.0,162.0,1.0,1.0,357.0,504.5,1950.0,7750.0,,28.3,671,captivity,medium,acceptable,,,5.9579999999999975,3000.0,312.45,False,0,19.0,,0.0023
131,Macaca_nemestrina,131,Primates,Macaca,Euarchonta,GCF_000956065.1,Mnem_1.0,Macaca nemestrina (pig-tailed macaque),Scaffold,113.1,106897,15219753,female,,1.0,17.0,Pigtail macaque,1125.0,1095.0,172.0,324.0,1.0,0.8,405.0,462.5,1416.5,7912.5,0.0015,37.6,671,captivity,large,acceptable,,,,,,False,0,17.0,,0.0028735320066094255
132,Macaca_fascicularis,132,Primates,Macaca,Euarchonta,GCF_000364345.1,Macaca_fascicularis_5.0,Macaca fascicularis (crab-eating macaque),Chromosome,68.0,86040,88649475,female,,1.0,17.0,Long-tailed macaque,1238.0,1544.0,165.0,242.0,1.0,0.9,431.0,320.0,848.4,6362.5,,39.0,671,captivity,large,acceptable,,,,,310.75,False,0,17.0,,0.0028735320066094255
133,Macaca_mulatta,133,Primates,Macaca,Euarchonta,GCF_000772875.2,Mmul_8.0.1,Macaca mulatta (Rhesus monkey),Chromosome,47.4,107172,4193270,female,,1.0,20.0,Rhesus monkey,1231.0,2007.0,165.0,292.0,1.0,1.0,444.0,464.0,1454.0,8235.0,0.0012,40.0,1074,captivity,large,high,0.02,15.0,,,310.45,False,337,20.0,0.0028735320066094255,0.0028735320066094255
134,Nycticebus_coucang,134,Primates,Nycticebus,Euarchonta,GCA_004027815.1,NycCou_v1_BIUU,Nycticebus coucang (slow loris),Scaffold,32.3,17693,19724,,0.0026,1.0,18.0,Slow loris,578.0,,188.0,177.0,1.0,1.0,492.0,48.2,520.0,890.5,,25.8,671,captivity,medium,acceptable,,,1.504,1128.6,308.55,False,0,18.0,0.002140000000000001,0.0023700000000000006
135,Rhinopithecus_roxellana,135,Primates,Rhinopithecus,Euarchonta,GCF_000769185.1,Rrox_v1,Rhinopithecus roxellana (golden snub-nosed monkey),Scaffold,53.7,77151,1549224,male,,1.0,9.0,Golden snub-nosed monkey,,,199.0,,1.0,,,,,14750.0,,29.5,671,captivity,small,acceptable,,,,,,False,0,9.0,,0.0019
136,Papio_anubis,136,Primates,Papio,Euarchonta,GCF_000264685.3,Panu_3.0,Papio anubis (olive baboon),Chromosome,104.0,149817,585721,female,,,,,,,,,,,,,,,,,,,,,,,,,,False,55,0.0,0.0018918139038842981,0.0018918139038842981
137,Uropsilus_gracilis,137,Eulipotyphla,Uropsilus,Eulipotyphla,GCA_004024945.1,UroGra_v1_BIUU,Uropsilus gracilis (gracile shrew mole),Scaffold,54.2,43618,55035,,0.002,,,,,,,,,,,,,,,,,,,,,,,,,False,0,0.0,,0.002
138,Condylura_cristata,138,Eulipotyphla,Condylura,Eulipotyphla,GCF_000260355.1,ConCri1.0,Condylura cristata (star-nosed mole),Scaffold,113.1,46163,55520359,female,,1.0,18.0,Star-nosed mole,304.0,304.0,40.0,24.0,4.4,1.0,,1.5,30.0,55.3,,2.5,671,captivity,small,acceptable,,,0.615,49.0,310.85,False,0,18.0,,0.0008
139,Scalopus_aquaticus,139,Eulipotyphla,Scalopus,Eulipotyphla,GCA_004024925.1,ScaAqu_v1_BIUU,Scalopus aquaticus (eastern mole),Scaffold,46.1,72421,94879,,0.0008,1.0,15.0,Eastern mole,335.0,335.0,36.0,36.0,3.0,1.0,,5.355,,90.0,,,,unknown,small,low,,,0.37799999999999995,48.0,309.15,False,0,15.0,,0.0008
140,Erinaceus_europaeus,140,Eulipotyphla,Erinaceus,Eulipotyphla,GCF_000296755.1,EriEur2.0,Erinaceus europaeus (western European hedgehog),Scaffold,79.0,21359,3264618,female,,1.0,18.0,Western European hedgehog,253.0,253.0,30.0,42.0,1.5,1.6,,14.7,235.0,750.0,,11.7,671,captivity,medium,acceptable,,,2.434,1213.5,307.15,False,0,18.0,,0.0008
141,Solenodon_paradoxus,141,Eulipotyphla,Solenodon,Eulipotyphla,GCA_004363575.1,SolPar_v1_BIUU,Solenodon paradoxus (Hispaniolan solenodon),Scaffold,29.3,236847,407682,,,1.0,12.0,Hispaniolan solenodon,,,50.0,75.0,2.0,2.0,,100.0,,1000.0,,12.1,671,captivity,small,acceptable,,,,,,False,0,12.0,,0.0008
142,Crocidura_indochinensis,142,Eulipotyphla,Crocidura,Eulipotyphla,GCA_004027635.1,CroInd_v1_BIUU,Crocidura indochinensis (insectivores),Scaffold,32.2,4927,4929,,0.0049,,,,,,,,,,,,,,,,,,,,,,,,,False,0,0.0,,0.0049
143,Sorex_araneus,143,Eulipotyphla,Sorex,Eulipotyphla,GCF_000181275.1,SorAra2.0,Sorex araneus (European shrew),Scaffold,120.0,22623,22794405,female,,1.0,19.0,Eurasian shrew,198.0,335.0,21.0,25.0,6.0,1.9,40.0,0.44,8.5,9.0,,3.2,671,captivity,small,acceptable,,,0.348,8.4,308.15,True,0,19.0,,0.0049
144,Felis_nigripes,144,Carnivora,Felis,Ferae,GCA_004023925.1,FelNig_v1_BIUU,Felis nigripes (black-footed cat),Scaffold,17.1,16007,18631,male,0.0008,1.0,14.0,Black-footed cat,445.0,434.0,66.0,,2.0,4.0,228.0,72.4,,2125.0,,15.6,671,captivity,medium,acceptable,,,,,,False,0,14.0,,0.0008
145,Paradoxurus_hermaphroditus,145,Carnivora,Paradoxurus,Ferae,GCA_004024585.1,ParHer_v1_BIUU,Paradoxurus hermaphroditus (Asian palm civet),Scaffold,36.9,62870,71823,,0.0042,1.0,17.0,Asian palm civet,341.0,,60.0,,3.4,2.0,182.0,88.65,,3100.0,0.0087,24.5,671,captivity,tiny,acceptable,,,5.534,3282.6,309.65,False,0,17.0,,0.0042
146,Spilogale_gracilis,146,Carnivora,Spilogale,Ferae,GCA_004023965.1,SpiGra_v1_BIUU,Spilogale gracilis (western spotted skunk),Scaffold,33.2,63054,85970,,0.0014,,,,,,,,,,,,,,,,,,,,,,,,,False,0,0.0,,0.0014
147,Panthera_onca,147,Carnivora,Panthera,Ferae,GCA_004023805.1,PanOnc_v1_BIUU,Panthera onca (jaguar),Scaffold,60.7,62836,116574,male,0.0009,1.0,20.0,Jaguar,730.0,730.0,99.0,126.0,2.0,0.5,365.0,820.0,5033.5,81150.0,0.0072,28.0,671,captivity,large,high,,,62.419,50400.0,310.15,False,0,20.0,,0.0009
148,Panthera_tigris,148,Carnivora,Panthera,Ferae,GCF_000464555.1,PanTig1.0,Panthera tigris altaica (Amur tiger),Scaffold,99.0,30032,8860407,male,,1.0,19.0,Tiger,1268.0,1415.0,105.0,121.0,2.5,0.4,750.0,1190.0,11003.0,119700.0,,26.3,671,captivity,large,high,,,133.859,137900.0,310.65,False,0,19.0,,0.0009
149,Felis_catus,149,Carnivora,Felis,Ferae,GCF_000181335.2,Felis_catus_8.0,Felis catus (domestic cat),Chromosome,0.0,45189,18072971,female,,1.0,12.0,Domestic cat,289.0,,65.0,56.0,4.0,,,97.5,,3900.0,,30.0,,captivity,large,questionable,,,,,311.25,False,30,12.0,,0.0008
150,Zalophus_californianus,150,Carnivora,Zalophus,Ferae,GCA_004024565.1,ZalCal_v1_BIUU,Zalophus californianus (California sea lion),Scaffold,89.2,90567,132377,female,0.0009,1.0,17.0,California sea lion,1095.0,1826.0,259.0,315.0,1.2,0.5,730.0,7000.0,25000.0,180000.0,,35.7,671,captivity,large,high,,,,,311.25,False,0,17.0,,0.0009
151,Panthera_pardus,151,Carnivora,Panthera,Ferae,GCF_001857705.1,PanPar1.0,Panthera pardus (leopard),Scaffold,158.5,20993,21701857,female,,1.0,17.0,Leopard,937.0,771.0,97.0,110.0,2.0,1.25,444.0,550.0,1940.0,53750.0,0.0079,27.3,671,captivity,large,high,,,,,,False,0,17.0,,0.0009
152,Helogale_parvula,152,Carnivora,Helogale,Ferae,GCA_004023845.1,HelPar_v1_BIUU,Helogale parvula (dwarf mongoose),Scaffold,32.3,113567,179119,,0.0012,1.0,13.0,Dwarf mongoose,456.0,,55.0,21.0,3.0,2.25,142.0,,,274.8,,18.0,671,captivity,large,high,,,,,,False,0,13.0,,0.0012
153,Hyaena_hyaena,153,Carnivora,Hyaena,Ferae,GCA_004023945.1,HyaHya_v1_BIUU,Hyaena hyaena (striped hyena),Scaffold,31.3,51677,66490,,0.0011,1.0,17.0,Striped hyena,800.0,800.0,90.0,279.0,2.5,,237.0,700.0,,40000.0,,25.0,671,captivity,medium,acceptable,,,31.954,34300.0,310.15,False,0,17.0,,0.0011
154,Mungos_mungo,154,Carnivora,Mungos,Ferae,GCA_004023785.1,MunMun_v1_BIUU,Mungos mungo (banded mongoose),Scaffold,46.7,180702,236501,,0.0025,1.0,13.0,Banded mongoose,289.0,,60.0,,2.5,2.0,365.0,39.0,,1331.5,,17.4,671,captivity,large,high,,,,,,False,0,13.0,,0.0025
155,Canis_lupus,155,Carnivora,Canis,Ferae,GCA_004027395.1,CanFam_VD_v1_BIUU,Canis lupus familiaris (dog),Scaffold,66.5,100144,157754,,0.0021,1.0,18.0,Gray wolf,669.0,669.0,62.0,47.0,6.0,0.8,365.0,450.0,5250.0,26625.0,0.0177,20.6,671,captivity,large,high,,,,,311.45,False,0,18.0,0.0014913104212410295,0.0017956552106205147
156,Canis_lupus_familiaris,156,Carnivora,Canis,Ferae,GCF_000002285.3,CanFam3.1,Canis lupus familiaris (dog),Chromosome,0.0,267478,45876610,female,,,,,,,,,,,,,,,,,,,,,,,,,,False,0,0.0,,0.0014913104212410295
157,Vulpes_lagopus,157,Carnivora,Vulpes,Ferae,GCA_004023825.1,VulLag_v1_BIUU,Vulpes lagopus (Arctic fox),Scaffold,36.8,73976,102053,,0.0016,1.0,18.0,Arctic fox,304.0,304.0,52.0,51.0,9.0,1.0,365.0,70.0,,5200.0,,16.3,671,captivity,medium,acceptable,,,7.665,3600.0,311.75,False,0,18.0,,0.0016
158,Suricata_suricatta,158,Carnivora,Suricata,Ferae,GCA_004023905.1,SurSur_v1_BIUU,Suricata suricatta (meerkat),Scaffold,46.9,148487,186735,,0.0036,1.0,20.0,Meerkat,365.0,365.0,77.0,44.0,4.0,1.0,365.0,29.0,225.5,776.0,0.0161,20.6,671,captivity,large,high,,,1.729,850.0,309.45,False,0,20.0,,0.0036
159,Enhydra_lutris,159,Carnivora,Enhydra,Ferae,GCF_002288905.1,ASM228890v2,Enhydra lutris kenyoni (sea otter),Scaffold,110.0,244548,38751465,male,,1.0,19.0,Sea otter,974.0,1369.0,140.0,175.0,1.0,0.8,548.0,1868.0,13425.0,25850.0,,27.0,671,captivity,medium,acceptable,,,98.479,26832.8,310.65,False,0,19.0,,0.0011
160,Mustela_putorius,160,Carnivora,Mustela,Ferae,GCF_000239315.1,MusPutFurMale1.0,Mustela putorius furo (domestic ferret),Scaffold,91.5,66755,9567452,male,,1.0,16.0,European polecat,312.0,322.0,42.0,63.0,7.5,1.5,140.0,9.5,,809.0,0.0328,11.1,671,captivity,large,acceptable,,,,,,False,0,16.0,,0.0011
161,Manis_pentadactyla,161,Pholidota,Manis,Ferae,GCA_000738955.1,M_pentadactyla-1.1.1,Manis pentadactyla (Chinese pangolin),Scaffold,61.0,28718,117920,female,,1.0,13.0,Chinese pangolin,,,,87.0,1.0,1.0,365.0,92.5,,2350.0,,,,unknown,tiny,low,,,3.727,3637.5,306.55,False,0,13.0,,0.0004
162,Lycaon_pictus,162,Carnivora,Lycaon,Ferae,GCA_001887905.1,LycPicSAfr1.0,Lycaon pictus (African hunting dog),Chromosome,5.7,5555,63240551,male,,1.0,17.0,African wild dog,639.0,639.0,72.0,91.0,8.0,1.0,362.0,318.0,,26500.0,,17.0,671,captivity,large,high,,,33.01,8750.0,,False,0,17.0,,0.0014913104212410295
163,Manis_javanica,163,Pholidota,Manis,Ferae,GCF_001685135.1,ManJav1.0,Manis javanica (Malayan pangolin),Scaffold,60.0,38922,204728,female,,,,,,,,,,,,,,,,,,,,,,,,,,False,0,0.0,,0.0004
164,Ursus_maritimus,164,Carnivora,Ursus,Ferae,GCF_000687225.1,UrsMar_1.0,Ursus maritimus (polar bear),Scaffold,101.0,46506,15940661,male,,1.0,18.0,Polar bear,1734.0,1734.0,65.0,303.0,2.0,0.4,750.0,665.0,27000.0,475000.0,0.0022,43.8,671,captivity,medium,acceptable,,,,,309.95,False,0,18.0,,0.0013500000000000014
165,Ailuropoda_melanoleuca,165,Carnivora,Ailuropoda,Ferae,GCA_002007445.1,ASM200744v1,Ailuropoda melanoleuca (giant panda),Scaffold,70.0,128604,9947519,female,,1.0,17.0,Giant panda,2192.0,2192.0,48.0,182.0,1.5,0.7,548.0,110.0,22000.0,117500.0,0.0028,36.8,671,captivity,small,acceptable,,,,,,False,0,17.0,0.0013500000000000014,0.0013500000000000014
166,Neomonachus_schauinslandi,166,Carnivora,Neomonachus,Ferae,GCF_002201575.1,ASM220157v1,Neomonachus schauinslandi (Hawaiian monk seal),Scaffold,61.0,112698,29518589,male,,,,,,,,,,,,,,,,,,,,,,,,,,False,0,0.0,,0.0004
167,Mirounga_angustirostris,167,Carnivora,Mirounga,Ferae,GCA_004023865.1,MirAng_v1_BIUU,Mirounga angustirostris (Northern elephant seal),Scaffold,35.6,52833,64640,,0.0004,1.0,14.0,Northern elephant seal,1095.0,1826.0,252.0,26.0,1.0,1.0,365.0,37500.0,140315.0,1600000.0,,,,unknown,tiny,low,,,,,,False,0,14.0,,0.0004
168,Ailurus_fulgens,168,Carnivora,Ailurus,Ferae,GCA_002007465.1,ASM200746v1,Ailurus fulgens styani (lesser panda),Scaffold,115.5,99577,2983736,male,,1.0,20.0,Red panda,550.0,550.0,116.0,137.0,2.0,1.0,365.0,100.0,1140.0,4325.0,0.009000000000000001,19.0,671,captivity,large,high,,,4.898,5740.0,310.75,False,0,20.0,,0.0034
169,Leptonychotes_weddellii,169,Carnivora,Leptonychotes,Ferae,GCF_000349705.1,LepWed1.0,Leptonychotes weddellii (Weddell seal),Scaffold,82.0,23664,904068,female,,1.0,13.0,Weddell seal,1365.0,1642.0,304.0,40.0,1.0,,548.0,29000.0,115900.0,425000.0,,,,unknown,small,low,,,,,,False,0,13.0,,0.0004
170,Odobenus_rosmarus,170,Carnivora,Odobenus,Ferae,GCF_000321225.1,Oros_1.0,Odobenus rosmarus divergens (Pacific walrus),Scaffold,200.0,89951,2616778,male,,1.0,15.0,Walrus,1745.0,2635.0,331.0,730.0,1.0,0.5,834.0,60000.0,200000.0,1012500.0,0.0009,,,unknown,tiny,low,,,,,,False,0,15.0,,0.0009
171,Mellivora_capensis,171,Carnivora,Mellivora,Ferae,GCA_004024625.1,MelCap_v1_BIUU,Mellivora capensis (ratel),Scaffold,60.0,50213,59143,female,0.0034,1.0,12.0,Honey badger,,,180.0,,2.0,2.0,182.0,210.0,,10000.0,,31.3,671,captivity,medium,acceptable,,,,,,False,0,12.0,,0.0034
172,Acinonyx_jubatus,172,Carnivora,Acinonyx,Ferae,GCF_001443585.1,aciJub1,Acinonyx jubatus (cheetah),Scaffold,75.0,35120,3122036,male,,1.0,19.0,Cheetah,456.0,456.0,88.0,107.0,3.0,0.7,537.0,489.0,1940.0,53500.0,,20.5,671,captivity,large,high,,,61.77,38446.1,312.15,False,0,19.0,,0.0008
173,Pteronura_brasiliensis,173,Carnivora,Pteronura,Ferae,GCA_004024605.1,PteBra_v1_BIUU,Pteronura brasiliensis (giant otter),Scaffold,47.7,90879,119023,,0.0011,1.0,14.0,Giant otter,730.0,,68.0,122.0,1.5,1.0,365.0,204.25,,24000.0,,17.3,671,captivity,small,acceptable,,,,,,False,0,14.0,,0.0011
174,Cryptoprocta_ferox,174,Carnivora,Cryptoprocta,Ferae,GCA_004023885.1,CryFer_v1_BIUU,Cryptoprocta ferox (fossa),Scaffold,46.3,128639,173473,,0.0015,1.0,14.0,Fossa,1496.0,,90.0,129.0,3.0,1.0,,100.0,,9500.0,0.0038,23.1,671,captivity,medium,acceptable,,,,,,False,0,14.0,,0.0015
175,Puma_concolor,175,Carnivora,Puma,Ferae,GCF_003327715.1,PumCon1.0,Puma concolor (puma),Scaffold,47.0,27187,100532876,male,,1.0,20.0,Cougar,912.0,912.0,92.0,90.0,2.5,0.45,786.0,400.0,3500.0,63000.0,0.0061,23.8,671,captivity,large,acceptable,,,49.326,37200.0,310.75,False,0,20.0,,0.0008
176,Peromyscus_maniculatus,176,Rodentia,Peromyscus,Castormyomorpha,GCF_000500345.1,Pman_1.0,Peromyscus maniculatus bairdii (prairie deer mouse),Scaffold,110.0,36367,3760915,,,1.0,19.0,Deer mouse,49.0,,24.0,22.0,5.0,3.0,27.0,2.0,9.2,20.5,0.0643,8.3,434,captivity,medium,acceptable,,,0.21899999999999997,20.5,309.75,False,0,19.0,0.013129999999999994,0.013129999999999994
177,Glis_glis,177,Rodentia,Glis,Sciuromorpha,GCA_004027185.1,GliGli_v1_BIUU,Glis glis (Fat dormouse),Scaffold,31.8,26062,30338,,0.0008,1.0,17.0,Fat dormouse,322.0,335.0,25.0,33.0,4.0,1.2,,1.5,,125.0,,8.7,671,captivity,small,acceptable,,,0.664,174.4,310.85,False,0,17.0,,0.0008
178,Graphiurus_murinus,178,Rodentia,Graphiurus,Sciuromorpha,GCA_004027655.1,GraMur_v1_BIUU,Graphiurus murinus (woodland dormouse),Scaffold,35.0,22138,28463,,0.0026,1.0,13.0,Woodland dormouse,,,24.0,,3.0,2.0,,3.5,,24.0,,6.9,671,captivity,medium,acceptable,,,0.225,38.4,,False,0,13.0,,0.0026
179,Oryctolagus_cuniculus,179,Lagomorpha,Oryctolagus,Lagomorpha,GCF_000003625.3,OryCun2.0,Oryctolagus cuniculus (rabbit),Chromosome,0.0,64648,35972871,female,,1.0,19.0,European rabbit,730.0,,30.0,26.0,5.0,4.3,29.0,45.0,214.0,1800.0,0.0228,9.0,434,unknown,large,questionable,,,7.395,2167.9,312.15,False,0,19.0,0.008430000000000002,0.008430000000000002
180,Lepus_americanus,180,Lagomorpha,Lepus,Lagomorpha,GCA_004026855.1,LepAme_v1_BIUU,Lepus americanus (snowshoe hare),Scaffold,32.6,15057,16725,,,1.0,18.0,Snowshoe hare,308.0,411.0,36.0,20.0,3.0,2.6,39.0,61.03,362.0,1600.0,0.0376,,,unknown,tiny,low,,,6.7079999999999975,1603.4,312.95,False,0,18.0,,0.008430000000000002
181,Ochotona_princeps,181,Lagomorpha,Ochotona,Lagomorpha,GCF_000292845.1,OchPri3.0,Ochotona princeps (American pika),Scaffold,103.0,42347,26863993,female,,1.0,19.0,American pika,347.0,,30.0,28.0,3.0,2.2,30.0,9.0,81.1,100.0,0.0376,7.0,671,captivity,small,acceptable,,,0.932,109.0,313.25,False,0,19.0,,0.008430000000000002
182,Ctenodactylus_gundi,182,Rodentia,Ctenodactylus,Hystricomorpha,GCA_004027205.1,CteGun_v1_BIUU,Ctenodactylus gundi (northern gundi),Scaffold,51.0,218543,354548,,0.0023,1.0,13.0,Gundi,319.0,,74.0,,1.9,1.0,70.0,29.9,,288.8,,5.8,671,captivity,small,acceptable,,,,,,False,0,13.0,,0.0023
183,Petromus_typicus,183,Rodentia,Petromus,Hystricomorpha,GCA_004026965.1,PetTyp_v1_BIUU,Petromus typicus (dassie-rat),Scaffold,37.7,29916,35766,,0.0043,1.0,7.0,Dassie rat,,,,,1.9,1.0,,,,200.0,,,,unknown,tiny,low,,,,,,False,0,7.0,,0.0043
184,Thryonomys_swinderianus,184,Rodentia,Thryonomys,Hystricomorpha,GCA_004025085.1,ThrSwi_v1_BIUU,Thryonomys swinderianus (Greater cane rat),Scaffold,58.2,18955,21523,,0.0036,1.0,14.0,Greater cane rat,365.0,365.0,155.0,30.0,4.0,2.3,,129.0,,6600.0,,5.4,671,captivity,tiny,acceptable,,,,,,False,0,14.0,,0.0036
185,Heterocephalus_glaber,185,Rodentia,Heterocephalus,Hystricomorpha,GCF_000247695.1,HetGla_female_1.0,Heterocephalus glaber (naked mole-rat),Scaffold,90.0,47778,20532749,female,,1.0,19.0,Naked mole-rat,228.0,,70.0,36.0,7.0,3.5,81.0,2.0,11.0,35.0,0.0046,31.0,"Rochelle Buffenstein, pers. comm.",captivity,large,high,,,0.128,35.3,305.25,False,0,19.0,,0.006999999999999999
186,Fukomys_damarensis,186,Rodentia,Fukomys,Hystricomorpha,GCF_000743615.1,DMR_v1.0,Fukomys damarensis (Damara mole-rat),Scaffold,140.0,44830,5314287,male,,,,,,,,,,,,,,,,,,,,,,,,,,False,0,0.0,,0.006999999999999999
187,Dolichotis_patagonum,187,Rodentia,Dolichotis,Hystricomorpha,GCA_004027295.1,DolPat_v1_BIUU,Dolichotis patagonum (Patagonian cavy),Scaffold,30.8,27983,31026,,0.0041,1.0,15.0,Patagonian mara,158.0,183.0,85.0,65.0,2.0,3.5,100.0,561.94,,12500.0,,14.4,671,captivity,large,high,,,,,,False,0,15.0,,0.0041
188,Hydrochoerus_hydrochaeris,188,Rodentia,Hydrochoerus,Hystricomorpha,GCA_004027455.1,HydHyd_v1_BIUU,Hydrochoerus hydrochaeris (capybara),Scaffold,28.2,148451,202224,,0.0012,1.0,19.0,Capybara,456.0,456.0,150.0,103.0,4.8,1.25,245.0,1500.0,8299.0,55000.0,,15.1,671,captivity,large,high,,,36.754,26385.0,310.25,False,0,19.0,,0.0012
189,Muscardinus_avellanarius,189,Rodentia,Muscardinus,Sciuromorpha,GCA_004027005.1,MusAve_v1_BIUU,Muscardinus avellanarius (hazel dormouse),Scaffold,32.8,44294,59013,,0.0004,1.0,17.0,Hazel dormouse,335.0,335.0,23.0,39.0,4.0,1.5,50.0,0.8,,27.3,,5.3,671,captivity,tiny,acceptable,,,0.35100000000000003,23.5,,False,0,17.0,,0.0004
190,Cavia_tschudii,190,Rodentia,Cavia,Hystricomorpha,GCA_004027695.1,CavTsc_v1_BIUU,Cavia tschudii (Montane guinea pig),Scaffold,34.8,64807,91436,,0.0015,1.0,11.0,Montane guinea pig,62.0,,64.0,,1.9,5.0,,,,637.5,,6.3,671,captivity,small,acceptable,,,,,,False,0,11.0,,0.0015
191,Cavia_aperea,191,Rodentia,Cavia,Hystricomorpha,GCA_000688575.1,CavAp1.0,Cavia aperea (Brazilian guinea pig),Scaffold,333.0,1039,27928671,male,,1.0,15.0,Brazilian guinea pig,74.0,77.0,63.0,17.0,2.5,5.0,,59.66,171.1,341.0,,6.0,671,captivity,large,high,,,,,,False,0,15.0,,0.0015
192,Dasyprocta_punctata,192,Rodentia,Dasyprocta,Hystricomorpha,GCA_004363535.1,DasPun_v1_BIUU,Dasyprocta punctata (punctate agouti),Scaffold,40.0,38650,43703,,0.005,1.0,12.0,Central American agouti,487.0,,112.0,,2.0,,127.0,227.0,,2150.0,,13.8,671,captivity,medium,acceptable,,,,,,False,0,12.0,,0.005
193,Cuniculus_paca,193,Rodentia,Cuniculus,Hystricomorpha,GCA_004365215.1,CunPac_v1_BIUU,Cuniculus paca (Lowland paca),Scaffold,23.4,3890,3892,,0.006999999999999999,1.0,19.0,Lowland paca,365.0,365.0,116.0,78.0,1.0,1.5,191.0,680.0,,9000.0,0.0165,16.3,671,captivity,small,acceptable,,,15.323,9156.0,310.35,False,0,19.0,,0.006999999999999999
194,Octodon_degus,194,Rodentia,Octodon,Hystricomorpha,GCF_000260255.1,OctDeg1.0,Octodon degus (degu),Scaffold,80.0,19847,12091372,female,,1.0,19.0,Degu,182.0,182.0,90.0,36.0,6.0,1.8,,14.0,71.2,235.0,0.0323,14.0,671,captivity,large,acceptable,,,0.958,199.6,310.75,False,0,19.0,,0.0006
195,Ctenomys_sociabilis,195,Rodentia,Ctenomys,Hystricomorpha,GCA_004027165.1,CteSoc_v1_BIUU,Ctenomys sociabilis (social tuco-tuco),Scaffold,26.5,37562,49073,,0.0006,,,,,,,,,,,,,,,,,,,,,,,,,False,0,0.0,,0.0006
196,Myocastor_coypus,196,Rodentia,Myocastor,Hystricomorpha,GCA_004027025.1,MyoCoy_v1_BIUU,Myocastor coypus (nutria),Scaffold,56.5,28446,35982,,0.0017,1.0,17.0,Nutria,152.0,152.0,131.0,91.0,6.0,2.3,130.0,225.0,1750.0,7850.0,,8.5,671,captivity,large,high,,,,,307.75,False,0,17.0,,0.0017
197,Capromys_pilorides,197,Rodentia,Capromys,Hystricomorpha,GCA_004027915.1,CapPil_v1_BIUU,Capromys pilorides (Desmarest's hutia),Scaffold,26.1,4080,4081,female,0.005,1.0,17.0,Desmarest's hutia,304.0,304.0,125.0,100.0,2.0,,,240.0,,4683.3,0.008,13.8,671,captivity,small,acceptable,,,3.375,2630.0,308.85,False,0,17.0,,0.005
198,Chinchilla_lanigera,198,Rodentia,Chinchilla,Hystricomorpha,GCF_000276665.1,ChiLan1.0,Chinchilla lanigera (long-tailed chinchilla),Scaffold,87.0,61105,21893125,female,,1.0,17.0,Long-tailed chinchilla,240.0,240.0,111.0,54.0,2.0,2.0,,35.0,,642.5,,17.2,671,captivity,large,acceptable,,,1.31,436.7,307.85,False,0,17.0,,0.0006
199,Dinomys_branickii,199,Rodentia,Dinomys,Hystricomorpha,GCA_004027595.1,DinBra_v1_BIUU,Dinomys branickii (pacarana),Scaffold,31.9,64805,77918,,0.0006,1.0,11.0,Pacarana,,,253.0,15.0,2.0,,,900.0,,12250.0,,12.8,671,captivity,small,acceptable,,,,,,False,0,11.0,,0.0006
200,Hystrix_cristata,200,Rodentia,Hystrix,Hystricomorpha,GCA_004026905.1,HysCri_v1_BIUU,Hystrix cristata (crested porcupine),Scaffold,35.2,57102,64768,,0.0043,1.0,11.0,African porcupine,,,66.0,,2.3,2.0,,1000.0,,20000.0,,28.0,671,captivity,medium,acceptable,,,,,,False,0,11.0,,0.0043
201,Rattus_norvegicus,201,Rodentia,Rattus,Castormyomorpha,GCF_000001895.5,Rnor_6.0,Rattus norvegicus (Norway rat),Chromosome,0.0,100461,14986627,pooled males and females,,1.0,20.0,Norway rat,90.0,70.0,21.0,25.0,9.9,3.7,,5.81,63.8,300.0,,3.8,857,captivity,large,acceptable,0.002,0.3,1.4040000000000001,206.9,310.25,False,0,20.0,,0.0041555555555555495
202,Mus_musculus,202,Rodentia,Mus,Castormyomorpha,GCF_000001635.26,GRCm38.p6,Mus musculus (house mouse),Chromosome,0.0,32813180,54517951,,,1.0,22.0,House mouse,42.0,42.0,19.0,22.0,7.0,5.4,30.0,1.25,8.9,20.5,0.0298,4.0,506,captivity,large,high,0.01,0.3,0.271,18.0,310.05,False,207,22.0,0.0041555555555555495,0.0041555555555555495
203,Mus_spretus,203,Rodentia,Mus,Castormyomorpha,GCA_001624865.1,SPRET_EiJ_v1,Mus spretus (western wild mouse),Chromosome,60.0,17887,131945496,female,,,,,,,,,,,,,,,,,,,,,,,,,,False,0,0.0,,0.0041555555555555495
204,Mus_caroli,204,Rodentia,Mus,Castormyomorpha,GCF_900094665.1,CAROLI_EIJ_v1.1,Mus caroli (Ryukyu mouse),Chromosome,60.0,30917,122627250,female,,1.0,7.0,Ryukyu mouse,,,21.0,,,,,1.2,,11.2,,,,unknown,small,low,,,,,,False,0,7.0,,0.0041555555555555495
205,Cavia_porcellus,205,Rodentia,Cavia,Hystricomorpha,GCF_000151735.1,Cavpor3.0,Cavia porcellus (domestic guinea pig),Scaffold,6.8,80583,27942054,female,,1.0,20.0,Guinea pig,66.0,76.0,68.0,18.0,3.8,5.0,96.0,85.0,228.0,728.0,0.0106,12.0,"J. Veronica Kiklevich, pers. comm.",captivity,large,high,,,2.13,639.1,312.15,False,0,20.0,,0.0015
206,Onychomys_torridus,206,Rodentia,Onychomys,Castormyomorpha,GCA_004026725.1,OnyTor_v1_BIUU,Onychomys torridus (southern grasshopper mouse),Scaffold,46.8,18287,20878,,0.0035,1.0,20.0,Southern grasshopper mouse,41.0,41.0,30.0,20.0,3.7,2.7,30.0,2.6,9.2,22.0,0.018000000000000002,4.6,671,captivity,small,acceptable,,,0.165,19.1,309.15,False,0,20.0,,0.0035
207,Aplodontia_rufa,207,Rodentia,Aplodontia,Sciuromorpha,GCA_004027875.1,AplRuf_v1_BIUU,Aplodontia rufa (mountain beaver),Scaffold,30.6,33245,37811,,0.0029,1.0,18.0,Mountain beaver,730.0,730.0,29.0,56.0,2.75,1.0,365.0,25.5,393.0,1125.0,0.0288,,,unknown,small,low,,,1.892,706.8,311.15,False,0,18.0,,0.0029
208,Ictidomys_tridecemlineatus,208,Rodentia,Ictidomys,Sciuromorpha,GCF_000236235.1,SpeTri2.0,Ictidomys tridecemlineatus (thirteen-lined ground squirrel),Scaffold,495.1,44137,8192786,female,,1.0,18.0,Thirteen-lined ground squirrel,354.0,225.0,28.0,33.0,7.0,1.2,,3.24,16.0,172.7,,7.9,671,captivity,small,acceptable,,,0.983,198.4,308.85,False,0,18.0,,0.0017
209,Sigmodon_hispidus,209,Rodentia,Sigmodon,Castormyomorpha,GCA_004025045.1,SigHis_v1_BIUU,Sigmodon hispidus (hispid cotton rat),Scaffold,43.2,67983,101373,,0.0004,1.0,19.0,Hispid cotton rat,40.0,40.0,27.0,15.0,5.0,6.7,,6.2,19.8,185.0,0.0362,5.2,671,captivity,medium,acceptable,,,1.085,159.6,311.25,False,0,19.0,,0.0004
210,Ellobius_lutescens,210,Rodentia,Ellobius,Castormyomorpha,GCA_001685075.1,ASM168507v1,Ellobius lutescens (Transcaucasian mole vole),Scaffold,130.0,11648,242123,male,,,,,,,,,,,,,,,,,,,,,,,,,,True,0,0.0,,0.0019
211,Cricetomys_gambianus,211,Rodentia,Cricetomys,Castormyomorpha,GCA_004027575.1,CriGam_v1_BIUU,Cricetomys gambianus (Gambian giant pouched rat),Scaffold,36.7,80761,110049,,0.0022,1.0,17.0,Gambian rat,158.0,,34.0,31.0,3.5,3.75,,25.7,,1500.0,0.042,8.4,671,captivity,small,acceptable,,,6.024,1686.7,308.75,False,0,17.0,,0.0022
212,Ellobius_talpinus,212,Rodentia,Ellobius,Castormyomorpha,GCA_001685095.1,ETalpinus_0.1,Ellobius talpinus (Northern mole vole),Scaffold,50.0,8259,15246,female,,1.0,11.0,Northern mole vole,,,26.0,,3.7,4.0,35.0,,,40.0,,5.0,1155,captivity,small,acceptable,,,,,,True,0,11.0,,0.0019
213,Nannospalax_galili,213,Rodentia,Nannospalax,Castormyomorpha,GCF_000622305.1,S.galili_v1.0,Nannospalax galili (Upper Galilee mountains blind mole rat),Scaffold,86.0,30353,3618479,female,,,,,,,,,,,,,,,,,,,,,,,,,,False,0,0.0,,0.0022
214,Ondatra_zibethicus,214,Rodentia,Ondatra,Castormyomorpha,GCA_004026605.1,OndZib_v1_BIUU,Ondatra zibethicus (muskrat),Scaffold,43.9,73746,89093,,0.0019,1.0,18.0,Muskrat,285.0,285.0,26.0,25.0,6.7,2.7,30.0,22.72,152.1,1362.0,0.0323,,,unknown,tiny,low,,,4.363,976.3,310.55,False,0,18.0,,0.0019
215,Microtus_ochrogaster,215,Rodentia,Microtus,Castormyomorpha,GCF_000317375.1,MicOch1.0,Microtus ochrogaster (prairie vole),Chromosome,94.0,21250,17270019,female,,1.0,19.0,Prairie vole,47.0,,23.0,20.0,3.8,4.0,26.0,3.02,16.7,40.0,0.0666,5.3,671,captivity,small,acceptable,,,0.41,48.2,311.05,True,0,19.0,,0.0019
216,Cricetulus_griseus,216,Rodentia,Cricetulus,Castormyomorpha,GCA_900186095.1,CHOK1S_HZDv1,Cricetulus griseus (Chinese hamster),Scaffold,74.0,97133,62039716,,,,,,,,,,,,,,,,,,,,,,,,,,,False,0,0.0,,0.013129999999999994
217,Jaculus_jaculus,217,Rodentia,Jaculus,Castormyomorpha,GCF_000280705.1,JacJac1.0,Jaculus jaculus (lesser Egyptian jerboa),Scaffold,78.0,15675,22080993,female,,1.0,19.0,Lesser Egyptian jerboa,327.0,137.0,38.0,51.0,3.0,1.5,91.0,2.0,20.0,55.0,,7.3,671,captivity,medium,acceptable,,,0.515,75.0,310.65,False,0,19.0,,0.0033
218,Mesocricetus_auratus,218,Rodentia,Mesocricetus,Castormyomorpha,GCF_000349665.1,MesAur1.0,Mesocricetus auratus (golden hamster),Scaffold,115.0,22512,12753307,female,,1.0,19.0,Golden hamster,48.0,48.0,16.0,20.0,9.0,3.0,,2.45,22.93,105.0,0.0574,3.9,671,captivity,medium,acceptable,,,0.69,108.2,311.25,False,0,19.0,,0.013129999999999994
219,Psammomys_obesus,219,Rodentia,Psammomys,Castormyomorpha,GCA_002215935.1,ASM221593v1,Psammomys obesus (fat sand rat),Contig,87.6,76398,76398,male,,1.0,15.0,Fat sand rat,100.0,,24.0,28.0,3.5,,38.0,6.25,40.0,212.0,0.0304,3.2,671,captivity,medium,acceptable,,,,,,False,0,15.0,,0.0008
220,Meriones_unguiculatus,220,Rodentia,Meriones,Castormyomorpha,GCA_004026785.1,MerUng_v1_BIUU,Meriones unguiculatus (Mongolian gerbil),Scaffold,31.3,69839,100883,,0.0008,1.0,20.0,Mongolian jird,43.0,36.0,25.0,24.0,5.0,4.0,46.0,3.0,14.3,53.2,0.0324,6.3,671,captivity,medium,acceptable,,,0.546,64.8,311.35,False,0,20.0,,0.0008
221,Acomys_cahirinus,221,Rodentia,Acomys,Castormyomorpha,GCA_004027535.1,AcoCah_v1_BIUU,Acomys cahirinus (Egyptian spiny mouse),Scaffold,32.7,42476,65411,female,0.0002,1.0,20.0,Spiny mouse,58.0,59.0,38.0,14.0,3.0,3.5,34.0,5.27,15.16,45.2,0.0147,5.9,671,captivity,large,high,,,0.258,42.0,310.65,False,0,20.0,,0.0002
222,Mus_pahari,222,Rodentia,Mus,Castormyomorpha,GCF_900095145.1,PAHARI_EIJ_v1.1,Mus pahari (shrew mouse),Chromosome,74.0,29465,111406228,female,,,,,,,,,,,,,,,,,,,,,,,,,,False,0,0.0,,0.0041555555555555495
223,Marmota_marmota,223,Rodentia,Marmota,Sciuromorpha,GCF_001458135.1,marMar2.1,Marmota marmota marmota (Alpine marmot),Scaffold,30.0,66492,31340621,male,,1.0,15.0,Alpine marmot,730.0,730.0,35.0,47.0,4.0,1.0,914.0,30.0,,3500.0,,17.4,671,captivity,medium,acceptable,,,,,,False,0,15.0,,0.0017
224,Allactaga_bullata,224,Rodentia,Allactaga,Castormyomorpha,GCA_004027895.1,AllBul_v1_BIUU,Orientallactaga bullata (Gobi jerboa),Scaffold,29.1,30651,36308,,0.0033,,,,,,,,,,,,,,,,,,,,,,,,,False,0,0.0,,0.0033
225,Dipodomys_stephensi,225,Rodentia,Dipodomys,Castormyomorpha,GCA_004024685.1,DipSte_v1_BIUU,Dipodomys stephensi (Stephens's kangaroo rat),Scaffold,59.2,30710,36811,,0.002,,,,,,,,,,,,,,,,,,,,,,,,,False,0,0.0,,0.002
226,Dipodomys_ordii,226,Rodentia,Dipodomys,Castormyomorpha,GCF_000151885.1,Dord_2.0,Dipodomys ordii (Ord's kangaroo rat),Scaffold,0.0,48087,11931245,female,,1.0,17.0,Ord's kangaroo rat,61.0,,29.0,34.0,3.0,2.0,143.0,5.0,,57.0,,9.9,671,captivity,small,acceptable,,,0.33899999999999997,47.8,307.75,False,0,17.0,,0.002
227,Castor_canadensis,227,Rodentia,Castor,Castormyomorpha,GCA_004027675.1,CasCan_v1_BIUU,Castor canadensis (American beaver),Scaffold,30.4,49369,55723,,0.0016,1.0,15.0,American beaver,639.0,639.0,128.0,60.0,3.5,1.0,365.0,430.0,,20250.0,,23.4,671,captivity,small,acceptable,,,,,,False,0,15.0,,0.0016
228,Xerus_inauris,228,Rodentia,Xerus,Sciuromorpha,GCA_004024805.1,XerIna_v1_BIUU,Xerus inauris (South African ground squirrel),Scaffold,24.4,64054,83865,,0.0017,1.0,17.0,South African ground squirrel,365.0,365.0,45.0,50.0,2.2,1.0,,20.0,,588.0,,11.5,671,captivity,small,acceptable,,,1.775,528.5,309.95,False,0,17.0,,0.0017
229,Spermophilus_dauricus,229,Rodentia,Spermophilus,Sciuromorpha,GCA_002406435.1,ASM240643v1,Spermophilus dauricus (Daurian ground squirrel),Scaffold,132.3,34849,1761345,female,,,,,,,,,,,,,,,,,,,,,,,,,,False,0,0.0,,0.0017
230,Perognathus_longimembris,230,Rodentia,Perognathus,Castormyomorpha,GCA_004363475.1,PerLonPac_v1_BIUU,Perognathus longimembris pacificus (Pacific pocket mouse),Scaffold,59.6,17686,24714,male,0.0026,1.0,18.0,Little pocket mouse,151.0,,22.0,28.0,5.0,1.25,,0.9,4.0,8.0,0.0766,8.3,434,captivity,small,acceptable,,,0.061,8.5,307.85,False,0,18.0,,0.0026
231,Zapus_hudsonius,231,Rodentia,Zapus,Castormyomorpha,GCA_004024765.1,ZapHud_v1_BIUU,Zapus hudsonius (meadow jumping mouse),Scaffold,50.1,23350,26350,,0.0045,1.0,18.0,Meadow jumping mouse,61.0,61.0,19.0,28.0,5.5,2.1,,0.8,7.8,18.0,0.0328,5.6,671,captivity,small,acceptable,,,0.21899999999999997,26.1,,False,0,18.0,,0.0045
232,Ceratotherium_simum_cottoni,232,Perissodactyla,Ceratotherium,Perissodactyla,GCF_000283155.1,CerSimSim1.0,Ceratotherium simum simum (southern white rhinoceros),Scaffold,91.0,92960,26277727,female,,,,,,,,,,,,,,,,,,,,,,,,,,False,0,0.0,,0.0012
233,Ceratotherium_simum,233,Perissodactyla,Ceratotherium,Perissodactyla,GCA_004027795.1,CerCot_v1_BIUU,Ceratotherium simum cottoni (northern white rhinoceros),Scaffold,29.2,21199,23005,female,0.0012,1.0,15.0,White rhinoceros,1643.0,1643.0,515.0,365.0,1.0,0.4,1009.0,52500.0,,2175000.0,,45.0,671,captivity,large,high,,,,,,False,0,15.0,,0.0012
234,Diceros_bicornis,234,Perissodactyla,Diceros,Perissodactyla,GCA_004027315.1,DicBicMic_v1_BIUU,Diceros bicornis (black rhinoceros),Scaffold,44.9,87375,115504,female,0.0019,1.0,17.0,Black rhinoceros,1826.0,2254.0,474.0,634.0,1.0,0.4,1059.0,36500.0,,1100000.0,0.0033,49.0,671,captivity,medium,acceptable,,,,,312.15,False,0,17.0,,0.0019
235,Dicerorhinus_sumatrensis,235,Perissodactyla,Dicerorhinus,Perissodactyla,GCA_002844835.1,ASM284483v1,Dicerorhinus sumatrensis sumatrensis (Sumatran rhinoceros),Scaffold,46.0,89455,614498,,,1.0,14.0,Sumatran rhinoceros,2738.0,,236.0,502.0,1.0,0.3,1278.0,23000.0,,1260000.0,,32.8,671,captivity,tiny,acceptable,,,,,,False,0,14.0,,0.0012
236,Tapirus_terrestris,236,Perissodactyla,Tapirus,Perissodactyla,GCA_004025025.1,TapTer_v1_BIUU,Tapirus terrestris (Brazilian tapir),Scaffold,44.2,164193,186384,,0.0035,1.0,15.0,Brazilian tapir,1095.0,1095.0,398.0,289.0,1.0,,,6000.0,86260.0,250000.0,,39.6,"John Gramieri, pers. comm.",captivity,large,high,,,,,309.65,False,0,15.0,,0.0035
237,Tapirus_indicus,237,Perissodactyla,Tapirus,Perissodactyla,GCA_004024905.1,TapInd_v1_BIUU,Tapirus indicus (Asiatic tapir),Scaffold,41.4,225792,308930,,0.0009,,,,,,,,,,,,,,,,,,,,,,,,,False,0,0.0,,0.0009
238,Equus_asinus,238,Perissodactyla,Equus,Perissodactyla,GCF_001305755.1,ASM130575v1,Equus asinus (ass),Scaffold,42.4,66737,3776412,male,,1.0,14.0,African wild ass,708.0,1005.0,359.0,,1.0,,,30000.0,,164998.0,,47.0,671,captivity,large,high,,,164.92,177500.0,,False,0,14.0,,0.0012
239,Equus_przewalskii,239,Perissodactyla,Equus,Perissodactyla,GCF_000696695.1,Burgud,Equus przewalskii (Przewalski's horse),Scaffold,85.63,57610,513800,male,,,,,,,,,,,,,,,,,,,,,,,,,,False,0,0.0,,0.0012
240,Equus_caballus,240,Perissodactyla,Equus,Perissodactyla,GCF_000002305.2,EquCab2.0,Equus caballus (horse),Chromosome,0.0,112381,46749900,female,,1.0,18.0,Horse,914.0,973.0,337.0,274.0,1.0,1.0,548.0,38000.0,,300000.0,,57.0,"Richard Miller, pers. comm.",captivity,large,high,0.0002,4.0,,,311.45,False,0,18.0,,0.0012
